Dates,Onion,Tomato,Green Chilli,Potato,Capsicum,Coriander Leaves,Lady Finger,Spinach,Banana,Amla,Bitter Gourd(Karela),French Beans,Ivy Gourd,Lemon,Mango,Snake Gourd,Egg Plant ,Cauliflower,Ginger ,Garlic,Zucchini,Baby Corn,Cabbage,Cucumber,Brocoli,Apple,Apricot,Avacado,Grapes,Guavava,Orange,Pomegranate,Mango,Melon
01-01-2022,36,59,42,28,44,10,55,10,4,70,53,47,36,39,82,39,30,26,39,70,39,46,40,25,67,130,150,190,90,48,67,115,122,19
01-02-2022,38,47,40,26,40,10,59,13,7,70,55,52,29,42,76,38,30,26,39,70,38,52,45,22,69,130,150,190,90,48,67,115,137,21
01-03-2022,38,47,40,26,40,10,59,13,7,70,55,52,29,42,76,38,30,26,39,70,38,52,45,22,69,130,150,220,92,54,70,125,137,21
01-04-2022,38,47,40,26,40,10,59,13,7,70,55,52,29,42,76,38,30,26,39,70,38,52,45,22,69,130,150,220,92,54,70,125,123,20
01-05-2022,38,47,40,26,40,10,59,13,7,70,55,52,29,42,76,38,30,26,39,70,38,52,45,22,69,130,150,220,92,54,70,125,123,20
01-06-2022,35,49,80,24,39,12,58,10,6,80,57,37,35,39,74,34,30,26,39,70,34,51,40,20,58,130,150,190,65,51,67,125,123,20
01-07-2022,35,49,80,24,39,12,58,10,6,80,57,37,35,39,74,34,30,26,39,70,34,51,40,20,58,130,150,190,65,51,67,125,123,20
01-08-2022,32,52,82,20,39,10,56,12,6,70,55,33,29,43,72,34,30,26,39,70,34,47,44,24,64,130,150,190,65,51,67,125,142,21
01-09-2022,32,52,82,20,39,10,56,12,6,70,55,33,29,43,72,34,30,26,39,70,34,47,44,24,64,130,150,190,65,51,67,125,142,21
01-10-2022,32,52,82,20,39,10,56,12,6,70,55,33,29,43,72,34,30,26,39,70,34,47,44,24,64,130,150,190,65,51,67,125,142,21
01-11-2022,35,36,84,23,42,8,56,15,4,80,57,31,29,40,75,37,30,26,39,70,37,53,42,21,64,130,150,190,65,51,67,125,142,22
01-12-2022,35,36,84,23,42,8,56,15,4,80,57,31,29,40,75,37,30,26,39,70,37,53,42,21,64,130,150,200,66,56,62,125,142,22
01-13-2022,35,36,84,23,42,8,56,15,4,80,57,31,29,40,75,37,30,26,39,70,37,53,42,21,64,130,150,200,66,56,62,125,142,22
01-14-2022,29,38,52,30,39,10,55,11,7,50,49,37,32,40,74,43,30,26,39,70,43,68,29,17,59,140,150,190,96,49,67,115,147,19
01-15-2022,29,38,52,30,39,10,55,11,7,50,49,37,32,40,74,43,30,26,39,70,43,68,29,17,59,140,150,190,96,49,67,115,147,19
01-16-2022,29,38,52,30,39,10,55,11,7,50,49,37,32,40,74,43,30,26,39,70,43,68,29,17,59,140,150,190,96,49,67,115,147,19
01-17-2022,30,35,50,24,43,7,54,12,4,60,39,31,35,36,76,37,30,26,39,70,37,53,28,17,62,140,150,240,93,54,69,115,147,19
01-18-2022,30,35,50,24,43,7,54,12,4,60,39,31,35,36,76,37,30,26,39,70,37,53,28,17,62,140,150,240,93,54,69,115,149,21
01-19-2022,31,38,49,29,46,9,57,15,4,50,40,30,32,35,70,33,30,26,39,70,33,53,30,16,58,140,150,240,93,54,69,115,149,21
01-20-2022,31,38,49,29,46,9,57,15,4,50,40,30,32,35,70,33,30,26,39,70,33,53,30,16,58,140,150,200,85,44,65,135,146,22
01-21-2022,30,38,44,24,42,7,60,10,7,60,40,27,37,35,71,35,30,26,39,70,35,57,33,16,65,140,150,200,85,44,65,135,146,22
01-22-2022,30,38,44,24,42,7,60,10,7,60,40,27,37,35,71,35,30,26,39,70,35,57,33,16,65,150,170,190,81,47,69,135,146,22
01-23-2022,30,38,44,24,42,7,60,10,7,60,40,27,37,35,71,35,30,26,39,70,35,57,33,16,65,150,170,190,81,47,69,135,146,22
01-24-2022,30,38,44,24,42,7,60,10,7,60,40,27,37,35,71,35,30,26,39,70,35,57,33,16,65,150,170,190,81,47,69,135,146,22
01-25-2022,36,19,42,20,47,10,56,15,7,60,33,38,32,37,72,26,30,26,39,70,26,55,30,12,60,150,170,190,81,47,69,135,130,18
01-26-2022,36,19,42,20,47,10,56,15,7,60,33,38,32,37,72,26,30,26,39,70,26,55,30,12,60,150,170,190,81,47,69,135,130,18
01-27-2022,36,19,42,20,47,10,56,15,7,60,33,38,32,37,72,26,30,26,39,70,26,55,30,12,60,140,170,220,79,54,66,125,130,18
01-28-2022,38,17,42,23,46,10,58,14,6,50,37,36,30,40,81,27,30,26,39,70,27,53,30,14,65,140,170,220,79,54,66,125,128,20
01-29-2022,38,17,42,23,46,10,58,14,6,50,37,36,30,40,81,27,30,26,39,70,27,53,30,14,65,140,170,220,79,54,66,125,109,18
01-30-2022,35,19,42,20,48,10,58,10,4,50,34,38,36,40,72,27,30,26,39,70,27,60,29,14,62,140,160,190,82,44,61,135,109,18
01-31-2022,35,19,42,20,48,10,58,10,4,50,34,38,36,40,72,27,30,26,39,70,27,60,29,14,62,160,150,230,101,52,75,135,93,19
02-01-2022,35,19,42,20,48,10,58,10,4,50,34,38,36,40,72,27,30,26,39,70,27,60,29,14,62,160,150,230,101,52,75,135,93,19
02-02-2022,35,18,42,21,46,8,57,11,4,50,33,42,34,35,74,26,30,26,39,70,26,51,27,14,58,160,150,230,101,52,75,135,93,19
02-03-2022,35,18,42,21,46,8,57,11,4,50,33,42,34,35,74,26,30,26,39,70,26,51,27,14,58,150,160,190,74,50,80,135,108,19
02-04-2022,35,18,42,21,46,8,57,11,4,50,33,42,34,35,74,26,30,26,39,70,26,51,27,14,58,150,160,190,74,50,80,135,108,19
02-05-2022,37,22,42,21,48,9,59,12,5,60,33,40,32,35,72,27,30,26,39,70,27,58,25,13,59,150,160,190,74,50,80,135,108,19
02-06-2022,37,22,42,21,48,9,59,12,5,60,33,40,32,35,72,27,30,26,39,70,27,58,25,13,59,150,160,240,78,46,78,125,93,17
02-07-2022,37,22,42,21,48,9,59,12,5,60,33,40,32,35,72,27,30,26,39,70,27,58,25,13,59,150,160,240,78,46,78,125,93,17
02-08-2022,33,15,58,23,40,10,60,13,4,50,34,33,33,36,70,32,30,26,39,70,32,56,29,15,61,130,180,230,77,44,76,125,93,17
02-09-2022,33,15,58,23,40,10,60,13,4,50,34,33,33,36,70,32,30,26,39,70,32,56,29,15,61,130,180,230,77,44,76,125,93,17
02-10-2022,33,15,58,23,40,10,60,13,4,50,34,33,33,36,70,32,30,26,39,70,32,56,29,15,61,130,180,230,77,44,76,125,93,17
02-11-2022,33,15,58,23,40,10,60,13,4,50,34,33,33,36,70,32,30,26,39,70,32,56,29,15,61,140,170,190,95,51,67,125,93,17
02-12-2022,38,18,55,23,41,11,56,15,4,50,35,34,34,37,81,31,30,26,39,70,31,53,25,14,58,140,170,190,95,51,67,125,97,20
02-13-2022,38,18,55,23,41,11,56,15,4,50,35,34,34,37,81,31,30,26,39,70,31,53,25,14,58,140,170,190,95,51,67,125,109,18
02-14-2022,35,18,60,23,47,7,57,13,6,60,36,34,33,39,75,30,30,26,39,70,30,59,26,15,64,130,150,190,90,48,67,115,93,19
02-15-2022,35,18,60,23,47,7,57,13,6,60,36,34,33,39,75,30,30,26,39,70,30,59,26,15,64,130,150,190,90,48,67,115,93,19
02-16-2022,35,18,60,23,47,7,57,13,6,60,36,34,33,39,75,30,30,26,39,70,30,59,26,15,64,130,150,190,90,48,67,115,93,19
02-17-2022,35,17,57,23,43,12,54,13,6,50,33,37,34,40,70,31,30,26,39,70,31,58,25,12,58,130,150,220,92,54,70,125,108,19
02-18-2022,35,17,57,23,43,12,54,13,6,50,33,37,34,40,70,31,30,26,39,70,31,58,25,12,58,130,150,220,92,54,70,125,108,19
02-19-2022,35,17,57,23,43,12,54,13,6,50,33,37,34,40,70,31,30,26,39,70,31,58,25,12,58,130,150,220,92,54,70,125,108,19
02-20-2022,37,17,58,24,41,11,55,10,7,50,36,35,30,38,71,28,30,26,39,70,28,52,30,14,61,130,150,190,65,51,67,125,93,17
02-21-2022,37,17,58,24,41,11,55,10,7,50,36,35,30,38,71,28,30,26,39,70,28,52,30,14,61,130,150,190,65,51,67,125,93,17
02-22-2022,37,17,58,24,41,11,55,10,7,50,36,35,30,38,71,28,30,26,39,70,28,52,30,14,61,130,150,190,65,51,67,125,93,17
02-23-2022,37,17,58,24,41,11,55,10,7,50,36,35,30,38,71,28,30,26,39,70,28,52,30,14,61,130,150,190,65,51,67,125,93,17
02-24-2022,37,17,58,24,41,11,55,10,7,50,36,35,30,38,71,28,30,26,39,70,28,52,30,14,61,130,150,190,65,51,67,125,93,17
02-25-2022,37,17,58,24,41,11,55,10,7,50,36,35,30,38,71,28,30,26,39,70,28,52,30,14,61,130,150,190,65,51,67,125,93,17
02-26-2022,36,14,55,20,41,12,58,10,6,60,33,33,33,40,76,28,30,26,39,70,28,51,25,16,59,130,150,200,66,56,62,125,97,20
02-27-2022,36,14,55,20,41,12,58,10,6,60,33,33,33,40,76,28,30,26,39,70,28,51,25,16,59,130,150,200,66,56,62,125,97,20
02-28-2022,37,19,43,20,42,10,54,10,7,60,34,37,33,37,82,27,30,26,39,70,27,58,26,16,59,140,150,190,96,49,67,115,94,23
03-01-2022,37,19,43,20,42,10,54,10,7,60,34,37,33,37,82,27,30,26,39,70,27,58,26,16,59,140,150,190,96,49,67,115,94,23
03-02-2022,37,19,43,20,42,10,54,10,7,60,34,37,33,37,82,27,30,26,39,70,27,58,26,16,59,140,150,190,96,49,67,115,94,23
03-03-2022,37,19,43,20,42,10,54,10,7,60,34,37,33,37,82,27,30,26,39,70,27,58,26,16,59,140,150,190,96,49,67,115,94,23
03-04-2022,33,21,43,23,36,11,25,11,6,60,28,29,37,35,77,20,30,26,39,70,20,42,21,13,35,140,150,240,93,54,69,115,95,18
03-05-2022,33,21,43,23,36,11,25,11,6,60,28,29,37,35,77,20,30,26,39,70,20,42,21,13,35,140,150,240,93,54,69,115,95,18
03-06-2022,33,21,43,23,36,11,25,11,6,60,28,29,37,35,77,20,30,26,39,70,20,42,21,13,35,140,150,240,93,54,69,115,95,18
03-07-2022,34,19,43,24,31,11,26,15,4,50,24,26,33,35,75,19,30,26,39,70,19,48,22,14,39,140,150,200,85,44,65,135,113,15
03-08-2022,34,19,43,24,31,11,26,15,4,50,24,26,33,35,75,19,30,26,39,70,19,48,22,14,39,140,150,200,85,44,65,135,113,15
03-09-2022,38,21,42,21,35,12,26,14,6,60,26,29,30,35,76,16,30,26,39,70,16,47,22,13,38,150,170,190,81,47,69,135,120,11
03-10-2022,38,21,42,21,35,12,26,14,6,60,26,29,30,35,76,16,30,26,39,70,16,47,22,13,38,150,170,190,81,47,69,135,120,11
03-11-2022,38,21,42,21,35,12,26,14,6,60,26,29,30,35,76,16,30,26,39,70,16,47,22,13,38,150,170,190,81,47,69,135,120,11
03-12-2022,38,21,42,21,35,12,26,14,6,60,26,29,30,35,76,16,30,26,39,70,16,47,22,13,38,150,170,190,81,47,69,135,120,11
03-13-2022,38,21,42,21,35,12,26,14,6,60,26,29,30,35,76,16,30,26,39,70,16,47,22,13,38,150,170,190,81,47,69,135,120,11
03-14-2022,39,19,44,20,36,9,29,15,5,50,30,28,33,35,76,21,30,26,39,70,21,46,22,13,38,140,170,220,79,54,66,125,120,13
03-15-2022,39,19,44,20,36,9,29,15,5,50,30,28,33,35,76,21,30,26,39,70,21,46,22,13,38,140,170,220,79,54,66,125,120,13
03-16-2022,39,19,44,20,36,9,29,15,5,50,30,28,33,35,76,21,30,26,39,70,21,46,22,13,38,140,170,220,79,54,66,125,120,13
03-17-2022,34,18,38,25,32,9,29,13,7,60,24,26,34,37,81,20,30,26,39,70,20,42,23,15,36,140,160,190,82,44,61,135,117,15
03-18-2022,34,18,38,25,32,9,29,13,7,60,24,26,34,37,81,20,30,26,39,70,20,42,23,15,36,140,160,190,82,44,61,135,117,15
03-19-2022,34,18,38,25,32,9,29,13,7,60,24,26,34,37,81,20,30,26,39,70,20,42,23,15,36,140,160,190,82,44,61,135,117,15
03-20-2022,33,18,38,25,31,10,28,11,5,60,25,26,35,35,74,16,30,26,39,70,16,48,23,12,40,140,160,230,85,46,68,115,105,15
03-21-2022,33,18,38,25,31,10,28,11,5,60,25,26,35,35,74,16,30,26,39,70,16,48,23,12,40,140,160,230,85,46,68,115,105,15
03-22-2022,38,16,43,24,36,12,29,14,7,60,30,27,30,40,79,18,30,26,39,70,18,46,24,12,35,140,160,230,88,53,68,125,103,13
03-23-2022,38,16,43,24,36,12,29,14,7,60,30,27,30,40,79,18,30,26,39,70,18,46,24,12,35,140,160,230,88,53,68,125,103,13
03-24-2022,38,16,43,24,36,12,29,14,7,60,30,27,30,40,79,18,30,26,39,70,18,46,24,12,35,140,160,230,88,53,68,125,103,13
03-25-2022,40,13,45,20,36,11,25,11,7,50,27,29,33,36,70,20,30,26,39,70,20,44,22,15,36,150,150,220,82,55,62,105,103,12
03-26-2022,40,13,45,20,36,11,25,11,7,50,27,29,33,36,70,20,30,26,39,70,20,44,22,15,36,150,150,220,82,55,62,105,103,12
03-27-2022,40,13,45,20,36,11,25,11,7,50,27,29,33,36,70,20,30,26,39,70,20,44,22,15,36,150,150,220,82,55,62,105,103,12
03-28-2022,25,12,35,24,33,12,22,13,5,60,25,26,33,39,54,22,30,26,39,70,22,46,23,15,31,140,150,210,84,55,65,125,104,14
03-29-2022,25,12,35,24,33,12,22,13,5,60,25,26,33,39,54,22,30,26,39,70,22,46,23,15,31,140,150,210,84,55,65,125,104,14
03-30-2022,25,12,35,24,33,12,22,13,5,60,25,26,33,39,54,22,30,26,39,70,22,46,23,15,31,140,150,210,84,55,65,125,104,14
03-31-2022,25,12,35,24,33,12,22,13,5,60,25,26,33,39,54,22,30,26,39,70,22,46,23,15,31,140,150,210,84,55,65,125,104,14
04-01-2022,25,11,39,23,32,10,19,14,9,60,24,25,33,40,54,17,30,26,39,70,17,49,22,13,28,150,160,190,86,47,68,115,105,11
04-02-2022,25,11,39,23,32,10,19,14,9,60,24,25,33,40,54,17,30,26,39,70,17,49,22,13,28,150,160,190,86,47,68,115,105,11
04-03-2022,25,11,39,23,32,10,19,14,9,60,24,25,33,40,54,17,30,26,39,70,17,49,22,13,28,150,160,190,86,47,68,115,105,11
04-04-2022,25,11,35,20,34,8,23,10,6,60,29,26,33,35,53,21,30,26,39,70,21,44,23,13,31,160,150,210,79,50,70,105,107,15
04-05-2022,25,11,35,20,34,8,23,10,6,60,29,26,33,35,53,21,30,26,39,70,21,44,23,13,31,160,150,210,79,50,70,105,107,15
04-06-2022,25,11,35,20,34,8,23,10,6,60,29,26,33,35,53,21,30,26,39,70,21,44,23,13,31,160,150,210,79,50,70,105,107,15
04-07-2022,22,15,39,23,33,7,23,12,10,50,24,28,27,36,51,17,30,26,39,70,17,43,22,16,32,150,150,220,76,45,63,125,101,12
04-08-2022,22,15,39,23,33,7,23,12,10,50,24,28,27,36,51,17,30,26,39,70,17,43,22,16,32,150,150,220,76,45,63,125,101,12
04-09-2022,22,15,39,23,33,7,23,12,10,50,24,28,27,36,51,17,30,26,39,70,17,43,22,16,32,150,150,220,76,45,63,125,101,12
04-10-2022,22,16,41,22,31,7,18,13,8,50,29,26,30,35,58,22,30,26,39,70,22,48,20,13,28,150,150,190,81,54,70,115,101,12
04-11-2022,22,16,41,22,31,7,18,13,8,50,29,26,30,35,58,22,30,26,39,70,22,48,20,13,28,150,150,190,81,54,70,115,101,12
04-12-2022,22,16,41,22,31,7,18,13,8,50,29,26,30,35,58,22,30,26,39,70,22,48,20,13,28,150,150,190,81,54,70,115,101,12
04-13-2022,18,15,43,21,36,11,21,14,9,50,27,27,31,37,57,18,30,26,39,70,18,50,24,13,30,140,160,240,89,52,65,125,118,14
04-14-2022,18,15,43,21,36,11,21,14,9,50,27,27,31,37,57,18,30,26,39,70,18,50,24,13,30,140,160,240,89,52,65,125,118,14
04-15-2022,18,15,43,21,36,11,21,14,9,50,27,27,31,37,57,18,30,26,39,70,18,50,24,13,30,140,160,240,89,52,65,125,118,14
04-16-2022,18,15,43,21,36,11,21,14,9,50,27,27,31,37,57,18,30,26,39,70,18,50,24,13,30,140,160,240,89,52,65,125,118,14
04-17-2022,19,15,44,26,33,8,19,10,8,50,26,24,28,40,51,20,30,26,39,70,20,50,22,13,32,170,160,210,80,55,61,115,127,15
04-18-2022,19,15,44,26,33,8,19,10,8,50,26,24,28,40,51,20,30,26,39,70,20,50,22,13,32,170,160,210,80,55,61,115,127,15
04-19-2022,19,15,44,26,33,8,19,10,8,50,26,24,28,40,51,20,30,26,39,70,20,50,22,13,32,170,160,210,80,55,61,115,127,15
04-20-2022,19,15,44,26,33,8,19,10,8,50,26,24,28,40,51,20,30,26,39,70,20,50,22,13,32,170,160,210,80,55,61,115,127,15
04-21-2022,19,15,44,26,33,8,19,10,8,50,26,24,28,40,51,20,30,26,39,70,20,50,22,13,32,170,160,210,80,55,61,115,127,15
04-22-2022,19,15,44,26,33,8,19,10,8,50,26,24,28,40,51,20,30,26,39,70,20,50,22,13,32,170,160,210,80,55,61,115,127,15
04-23-2022,19,15,44,26,33,8,19,10,8,50,26,24,28,40,51,20,30,26,39,70,20,50,22,13,32,170,160,210,80,55,61,115,127,15
04-24-2022,20,13,39,22,32,7,18,12,7,50,25,30,34,37,30,20,30,26,39,70,20,42,19,16,28,160,150,230,101,52,75,135,129,17
04-25-2022,20,13,39,22,32,7,18,12,7,50,25,30,34,37,30,20,30,26,39,70,20,42,19,16,28,160,150,230,101,52,75,135,129,17
04-26-2022,20,13,39,22,32,7,18,12,7,50,25,30,34,37,30,20,30,26,39,70,20,42,19,16,28,160,150,230,101,52,75,135,129,17
04-27-2022,20,40,40,24,36,9,24,14,5,50,24,32,34,39,25,22,30,26,39,70,22,44,15,14,24,150,160,190,74,50,80,135,97,17
04-28-2022,20,40,40,24,36,9,24,14,5,50,24,32,34,39,25,22,30,26,39,70,22,44,15,14,24,150,160,190,74,50,80,135,97,17
04-29-2022,20,40,40,24,36,9,24,14,5,50,24,32,34,39,25,22,30,26,39,70,22,44,15,14,24,150,160,190,74,50,80,135,97,17
04-30-2022,22,51,45,24,30,12,18,13,5,50,30,35,32,35,22,18,30,26,39,70,18,37,19,15,30,150,160,240,78,46,78,125,92,17
05-01-2022,22,51,45,24,30,12,18,13,5,50,30,35,32,35,22,18,30,26,39,70,18,37,19,15,30,150,160,240,78,46,78,125,92,17
05-02-2022,22,52,45,27,31,11,24,14,8,50,30,36,28,38,20,21,30,26,39,70,21,37,16,13,25,130,180,230,77,44,76,125,93,17
05-03-2022,22,52,45,27,31,11,24,14,8,50,30,36,28,38,20,21,30,26,39,70,21,37,16,13,25,130,180,230,77,44,76,125,93,17
05-04-2022,22,52,45,27,31,11,24,14,8,50,30,36,28,38,20,21,30,26,39,70,21,37,16,13,25,130,180,230,77,44,76,125,93,17
05-05-2022,23,48,36,28,31,10,23,12,5,50,26,33,28,40,25,20,30,26,39,70,20,41,18,12,28,150,170,240,76,47,80,125,93,16
05-06-2022,23,48,36,28,31,10,23,12,5,50,26,33,28,40,25,20,30,26,39,70,20,41,18,12,28,150,170,240,76,47,80,125,93,16
05-07-2022,23,48,36,28,31,10,23,12,5,50,26,33,28,40,25,20,30,26,39,70,20,41,18,12,28,150,170,240,76,47,80,125,93,16
05-08-2022,20,46,39,25,30,7,20,12,7,60,24,37,25,120,27,16,30,26,39,70,16,39,18,13,26,150,160,200,80,47,76,125,99,18
05-09-2022,20,46,39,25,30,7,20,12,7,60,24,37,25,120,27,16,30,26,39,70,16,39,18,13,26,150,160,200,80,47,76,125,99,18
05-10-2022,20,46,39,25,30,7,20,12,7,60,24,37,25,120,27,16,30,26,39,70,16,39,18,13,26,150,160,200,80,47,76,125,99,18
05-11-2022,20,49,35,28,35,7,22,13,7,50,28,37,28,136,22,22,30,26,39,70,22,35,16,13,29,140,150,210,72,54,78,135,100,15
05-12-2022,20,49,35,28,35,7,22,13,7,50,28,37,28,136,22,22,30,26,39,70,22,35,16,13,29,140,150,210,72,54,78,135,100,15
05-13-2022,20,49,35,28,35,7,22,13,7,50,28,37,28,136,22,22,30,26,39,70,22,35,16,13,29,140,150,210,72,54,78,135,100,15
05-14-2022,20,49,35,28,35,7,22,13,7,50,28,37,28,136,22,22,30,26,39,70,22,35,16,13,29,140,150,210,72,54,78,135,100,15
05-15-2022,20,59,37,27,36,11,21,14,7,70,26,36,24,126,28,22,30,26,39,70,22,40,18,15,27,150,150,240,70,46,78,125,83,16
05-16-2022,20,59,37,27,36,11,21,14,7,70,26,36,24,126,28,22,30,26,39,70,22,40,18,15,27,150,150,240,70,46,78,125,83,16
05-17-2022,20,59,37,27,36,11,21,14,7,70,26,36,24,126,28,22,30,26,39,70,22,40,18,15,27,150,150,240,70,46,78,125,83,16
05-18-2022,19,61,31,27,30,10,26,12,7,70,26,41,27,115,28,24,30,26,39,70,24,41,20,15,28,150,150,200,72,45,76,135,76,20
05-19-2022,19,61,31,27,30,10,26,12,7,70,26,41,27,115,28,24,30,26,39,70,24,41,20,15,28,150,150,200,72,45,76,135,76,20
05-20-2022,19,61,31,27,30,10,26,12,7,70,26,41,27,115,28,24,30,26,39,70,24,41,20,15,28,150,150,200,72,45,76,135,76,20
05-21-2022,18,78,38,26,30,8,38,10,5,50,40,84,25,125,24,19,30,26,39,70,19,65,18,16,30,160,170,220,79,53,78,115,80,20
05-22-2022,18,78,38,26,30,8,38,10,5,50,40,84,25,125,24,19,30,26,39,70,19,65,18,16,30,160,170,220,79,53,78,115,80,20
05-23-2022,18,78,38,26,30,8,38,10,5,50,40,84,25,125,24,19,30,26,39,70,19,65,18,16,30,160,170,220,79,53,78,115,80,20
05-24-2022,18,78,38,26,30,8,38,10,5,50,40,84,25,125,24,19,30,26,39,70,19,65,18,16,30,160,170,220,79,53,78,115,80,20
05-25-2022,17,90,36,27,33,12,36,14,8,70,35,82,24,125,23,23,30,26,39,70,23,65,19,18,29,160,150,230,80,51,79,135,84,16
05-26-2022,17,90,36,27,33,12,36,14,8,70,35,82,24,125,23,23,30,26,39,70,23,65,19,18,29,160,150,230,80,51,79,135,84,16
05-27-2022,17,90,36,27,33,12,36,14,8,70,35,82,24,125,23,23,30,26,39,70,23,65,19,18,29,160,150,230,80,51,79,135,84,16
05-28-2022,17,54,30,28,30,12,37,14,7,70,34,84,26,128,21,24,30,26,39,70,24,61,16,17,28,150,170,190,72,54,75,125,86,19
05-29-2022,17,54,30,28,30,12,37,14,7,70,34,84,26,128,21,24,30,26,39,70,24,61,16,17,28,150,170,190,72,54,75,125,86,19
05-30-2022,17,54,30,28,30,12,37,14,7,70,34,84,26,128,21,24,30,26,39,70,24,61,16,17,28,150,170,190,72,54,75,125,86,19
05-31-2022,17,54,30,28,30,12,37,14,7,70,34,84,26,128,21,24,30,26,39,70,24,61,16,17,28,150,170,190,72,54,75,125,86,19
06-01-2022,19,54,35,27,32,9,34,10,7,60,36,67,26,63,23,21,30,26,39,70,21,66,18,16,26,150,150,200,75,53,78,135,75,18
06-02-2022,19,54,35,27,32,9,34,10,7,60,36,67,26,63,23,21,30,26,39,70,21,66,18,16,26,150,150,200,75,53,78,135,75,18
06-03-2022,19,54,35,27,32,9,34,10,7,60,36,67,26,63,23,21,30,26,39,70,21,66,18,16,26,150,150,200,75,53,78,135,75,18
06-04-2022,16,50,38,27,32,10,32,12,7,60,37,68,24,52,23,20,30,26,39,70,20,54,16,17,28,160,150,190,70,48,78,115,71,17
06-05-2022,16,50,38,27,32,10,32,12,7,60,37,68,24,52,23,20,30,26,39,70,20,54,16,17,28,160,150,190,70,48,78,115,71,17
06-06-2022,16,50,38,27,32,10,32,12,7,60,37,68,24,52,23,20,30,26,39,70,20,54,16,17,28,160,150,190,70,48,78,115,71,17
06-07-2022,19,51,36,24,30,11,35,15,6,60,39,62,27,65,21,24,30,26,39,70,24,64,19,17,24,170,160,240,78,47,76,115,84,20
06-08-2022,19,51,36,24,30,11,35,15,6,60,39,62,27,65,21,24,30,26,39,70,24,64,19,17,24,170,160,240,78,47,76,115,84,20
06-09-2022,19,51,36,24,30,11,35,15,6,60,39,62,27,65,21,24,30,26,39,70,24,64,19,17,24,170,160,240,78,47,76,115,84,20
06-10-2022,19,51,36,24,30,11,35,15,6,60,39,62,27,65,21,24,30,26,39,70,24,64,19,17,24,170,160,240,78,47,76,115,84,20
06-11-2022,18,57,36,35,36,8,36,12,9,60,35,63,25,54,24,24,30,26,39,70,24,52,20,17,31,150,150,230,83,52,77,125,71,16
06-12-2022,18,57,36,35,36,8,36,12,9,60,35,63,25,54,24,24,30,26,39,70,24,52,20,17,31,150,150,230,83,52,77,125,71,16
06-13-2022,18,57,36,35,36,8,36,12,9,60,35,63,25,54,24,24,30,26,39,70,24,52,20,17,31,150,150,230,83,52,77,125,71,16
06-14-2022,19,58,38,28,33,10,44,10,7,60,38,69,28,55,28,22,30,26,39,70,22,56,21,14,27,150,170,210,81,52,75,115,90,18
06-15-2022,19,58,38,28,33,10,44,10,7,60,38,69,28,55,28,22,30,26,39,70,22,56,21,14,27,150,170,210,81,52,75,115,90,18
06-16-2022,19,58,38,28,33,10,44,10,7,60,38,69,28,55,28,22,30,26,39,70,22,56,21,14,27,150,170,210,81,52,75,115,90,18
06-17-2022,19,58,38,28,33,10,44,10,7,60,38,69,28,55,28,22,30,26,39,70,22,56,21,14,27,150,170,210,81,52,75,115,90,18
06-18-2022,19,45,39,31,33,7,37,13,5,50,37,50,25,54,25,26,30,26,39,70,26,53,21,17,28,150,160,210,76,48,76,125,79,16
06-19-2022,19,45,39,31,33,7,37,13,5,50,37,50,25,54,25,26,30,26,39,70,26,53,21,17,28,150,160,210,76,48,76,125,79,16
06-20-2022,25,39,29,32,36,10,30,12,6,60,38,54,26,52,27,22,30,26,39,70,22,47,24,17,38,160,150,240,85,48,58,115,79,16
06-21-2022,25,39,29,32,36,10,30,12,6,60,38,54,26,52,27,22,30,26,39,70,22,47,24,17,38,160,150,240,85,48,58,115,79,16
06-22-2022,25,39,29,32,36,10,30,12,6,60,38,54,26,52,27,22,30,26,39,70,22,47,24,17,38,160,150,240,85,48,58,115,79,16
06-23-2022,24,32,30,27,33,8,32,14,7,50,36,54,27,50,27,26,30,26,39,70,26,50,26,20,31,150,170,190,82,44,62,125,83,16
06-24-2022,24,32,30,27,33,8,32,14,7,50,36,54,27,50,27,26,30,26,39,70,26,50,26,20,31,150,170,190,82,44,62,125,83,16
06-25-2022,24,32,30,27,33,8,32,14,7,50,36,54,27,50,27,26,30,26,39,70,26,50,26,20,31,150,170,190,82,44,62,125,83,16
06-26-2022,24,32,30,27,33,8,32,14,7,50,36,54,27,50,27,26,30,26,39,70,26,50,26,20,31,150,170,190,82,44,62,125,83,16
06-27-2022,24,33,30,30,33,11,31,11,7,50,38,56,28,54,32,22,30,26,39,70,22,54,25,18,32,150,170,240,83,48,66,115,79,18
06-28-2022,24,33,30,30,33,11,31,11,7,50,38,56,28,54,32,22,30,26,39,70,22,54,25,18,32,150,170,240,83,48,66,115,79,18
06-29-2022,24,33,30,30,33,11,31,11,7,50,38,56,28,54,32,22,30,26,39,70,22,54,25,18,32,150,170,240,83,48,66,115,79,18
06-30-2022,24,33,30,30,33,11,31,11,7,50,38,56,28,54,32,22,30,26,39,70,22,54,25,18,32,150,170,240,83,48,66,115,79,18
07-01-2022,20,22,30,32,33,8,34,12,5,60,36,60,27,64,30,25,32,27,42,66,25,49,25,19,31,150,160,200,81,42,70,125,76,20
07-02-2022,20,22,30,32,33,8,34,12,5,60,36,60,27,64,30,25,32,27,42,66,25,49,25,19,31,150,160,200,81,42,70,125,76,20
07-03-2022,20,22,30,32,33,8,34,12,5,60,36,60,27,64,30,25,32,27,42,66,25,49,25,19,31,150,160,200,81,42,70,125,76,20
07-04-2022,20,21,27,23,35,12,32,13,6,50,36,54,28,63,38,25,31,29,38,75,25,45,27,19,38,150,170,240,80,44,64,115,86,16
07-05-2022,20,21,27,23,35,12,32,13,6,50,36,54,28,63,38,25,31,29,38,75,25,45,27,19,38,150,170,240,80,44,64,115,86,16
07-06-2022,20,21,27,23,35,12,32,13,6,50,36,54,28,63,38,25,31,29,38,75,25,45,27,19,38,150,170,240,80,44,64,115,86,16
07-07-2022,20,21,27,23,35,12,32,13,6,50,36,54,28,63,38,25,31,29,38,75,25,45,27,19,38,150,170,240,80,44,64,115,86,16
07-08-2022,20,21,27,23,35,12,32,13,6,50,36,54,28,63,38,25,31,29,38,75,25,45,27,19,38,150,170,240,80,44,64,115,86,16
07-09-2022,23,16,32,23,33,9,31,10,7,50,37,57,25,60,38,25,28,25,44,69,25,50,26,17,36,140,150,210,82,49,69,125,74,18
07-10-2022,23,16,32,23,33,9,31,10,7,50,37,57,25,60,38,25,28,25,44,69,25,50,26,17,36,140,150,210,82,49,69,125,74,18
07-11-2022,23,16,32,23,33,9,31,10,7,50,37,57,25,60,38,25,28,25,44,69,25,50,26,17,36,140,150,210,82,49,69,125,74,18
07-12-2022,21,20,27,25,31,11,32,11,8,50,30,60,25,54,40,25,29,25,41,65,25,50,23,16,33,140,170,240,77,45,68,135,77,20
07-13-2022,21,20,27,25,31,11,32,11,8,50,30,60,25,54,40,25,29,25,41,65,25,50,23,16,33,140,170,240,77,45,68,135,77,20
07-14-2022,19,20,32,23,33,9,32,15,5,50,33,56,25,57,40,24,27,29,37,75,24,53,26,20,30,150,170,230,81,46,68,115,90,17
07-15-2022,19,20,32,23,33,9,32,15,5,50,33,56,25,57,40,24,27,29,37,75,24,53,26,20,30,150,170,230,81,46,68,115,90,17
07-16-2022,19,20,32,23,33,9,32,15,5,50,33,56,25,57,40,24,27,29,37,75,24,53,26,20,30,150,170,230,81,46,68,115,90,17
07-17-2022,23,15,35,31,33,10,35,14,6,60,33,55,22,60,51,28,27,29,41,72,28,55,25,25,31,170,160,200,79,49,68,135,93,18
07-18-2022,23,15,35,31,33,10,35,14,6,60,33,55,22,60,51,28,27,29,41,72,28,55,25,25,31,170,160,200,79,49,68,135,93,18
07-19-2022,23,15,35,31,33,10,35,14,6,60,33,55,22,60,51,28,27,29,41,72,28,55,25,25,31,170,160,200,79,49,68,135,93,18
07-20-2022,23,15,35,31,33,10,35,14,6,60,33,55,22,60,51,28,27,29,41,72,28,55,25,25,31,170,160,200,79,49,68,135,93,18
07-21-2022,23,19,38,28,32,10,33,13,9,60,32,64,25,59,57,28,29,26,37,73,28,47,23,23,35,190,160,240,75,48,69,145,86,18
07-22-2022,23,19,38,28,32,10,33,13,9,60,32,64,25,59,57,28,29,26,37,73,28,47,23,23,35,190,160,240,75,48,69,145,86,18
07-23-2022,23,19,38,28,32,10,33,13,9,60,32,64,25,59,57,28,29,26,37,73,28,47,23,23,35,190,160,240,75,48,69,145,86,18
07-24-2022,24,19,41,30,33,7,34,10,10,50,38,66,22,63,61,30,31,24,42,70,30,51,22,28,31,180,160,200,83,46,62,155,90,20
07-25-2022,24,19,41,30,33,7,34,10,10,50,38,66,22,63,61,30,31,24,42,70,30,51,22,28,31,180,160,200,83,46,62,155,90,20
07-26-2022,24,19,41,30,33,7,34,10,10,50,38,66,22,63,61,30,31,24,42,70,30,51,22,28,31,180,160,200,83,46,62,155,90,20
07-27-2022,24,19,41,30,33,7,34,10,10,50,38,66,22,63,61,30,31,24,42,70,30,51,22,28,31,180,160,200,83,46,62,155,90,20
07-28-2022,24,19,41,30,33,7,34,10,10,50,38,66,22,63,61,30,31,24,42,70,30,51,22,28,31,180,160,200,83,46,62,155,90,20
07-29-2022,24,19,41,30,33,7,34,10,10,50,38,66,22,63,61,30,31,24,42,70,30,51,22,28,31,180,160,200,83,46,62,155,90,20
07-30-2022,24,19,41,30,33,7,34,10,10,50,38,66,22,63,61,30,31,24,42,70,30,51,22,28,31,180,160,200,83,46,62,155,90,20
07-31-2022,24,19,41,30,33,7,34,10,10,50,38,66,22,63,61,30,31,24,42,70,30,51,22,28,31,180,160,200,83,46,62,155,90,20
08-01-2022,24,16,37,31,35,9,36,15,7,60,34,68,24,57,61,29,32,29,42,75,29,45,21,27,33,190,160,230,75,45,68,145,89,20
08-02-2022,24,16,37,31,35,9,36,15,7,60,34,68,24,57,61,29,32,29,42,75,29,45,21,27,33,190,160,230,75,45,68,145,89,20
08-03-2022,24,16,37,31,35,9,36,15,7,60,34,68,24,57,61,29,32,29,42,75,29,45,21,27,33,190,160,230,75,45,68,145,89,20
08-04-2022,24,16,36,34,33,11,37,13,8,50,30,63,26,54,68,26,30,25,44,72,26,49,23,28,31,160,150,200,77,48,59,165,94,16
08-05-2022,24,16,36,34,33,11,37,13,8,50,30,63,26,54,68,26,30,25,44,72,26,49,23,28,31,160,150,200,77,48,59,165,94,16
08-06-2022,24,16,36,34,33,11,37,13,8,50,30,63,26,54,68,26,30,25,44,72,26,49,23,28,31,160,150,200,77,48,59,165,94,16
08-07-2022,24,16,36,34,33,11,37,13,8,50,30,63,26,54,68,26,30,25,44,72,26,49,23,28,31,160,150,200,77,48,59,165,94,16
08-08-2022,24,16,38,32,32,11,34,10,12,60,36,67,28,53,69,28,28,27,41,70,28,55,25,27,30,190,170,210,77,50,63,145,138,18
08-09-2022,24,16,38,32,32,11,34,10,12,60,36,67,28,53,69,28,28,27,41,70,28,55,25,27,30,190,170,210,77,50,63,145,138,18
08-10-2022,24,16,38,32,32,11,34,10,12,60,36,67,28,53,69,28,28,27,41,70,28,55,25,27,30,190,170,210,77,50,63,145,138,18
08-11-2022,24,16,38,32,32,11,34,10,12,60,36,67,28,53,69,28,28,27,41,70,28,55,25,27,30,190,170,210,77,50,63,145,138,18
08-12-2022,24,16,38,32,32,11,34,10,12,60,36,67,28,53,69,28,28,27,41,70,28,55,25,27,30,190,170,210,77,50,63,145,138,18
08-13-2022,27,19,39,29,36,8,30,15,9,60,31,64,25,65,109,30,27,27,40,74,30,54,21,23,36,140,170,240,83,50,58,145,149,16
08-14-2022,27,19,39,29,36,8,30,15,9,60,31,64,25,65,109,30,27,27,40,74,30,54,21,23,36,140,170,240,83,50,58,145,149,16
08-15-2022,27,19,39,29,36,8,30,15,9,60,31,64,25,65,109,30,27,27,40,74,30,54,21,23,36,140,170,240,83,50,58,145,149,16
08-16-2022,27,19,39,29,36,8,30,15,9,60,31,64,25,65,109,30,27,27,40,74,30,54,21,23,36,140,170,240,83,50,58,145,149,16
08-17-2022,27,19,39,29,36,8,30,15,9,60,31,64,25,65,109,30,27,27,40,74,30,54,21,23,36,140,170,240,83,50,58,145,149,16
08-18-2022,25,18,37,35,32,7,37,11,10,50,30,64,22,65,92,26,30,26,46,73,26,51,28,22,37,150,180,240,79,48,61,135,144,22
08-19-2022,25,18,37,35,32,7,37,11,10,50,30,64,22,65,92,26,30,26,46,73,26,51,28,22,37,150,180,240,79,48,61,135,144,22
08-20-2022,25,18,37,35,32,7,37,11,10,50,30,64,22,65,92,26,30,26,46,73,26,51,28,22,37,150,180,240,79,48,61,135,144,22
08-21-2022,25,18,38,33,32,12,34,14,11,50,41,59,23,58,82,30,32,28,39,71,30,71,21,20,37,130,170,190,75,48,58,145,146,19
08-22-2022,25,18,38,33,32,12,34,14,11,50,41,59,23,58,82,30,32,28,39,71,30,71,21,20,37,130,170,190,75,48,58,145,146,19
08-23-2022,25,18,38,33,32,12,34,14,11,50,41,59,23,58,82,30,32,28,39,71,30,71,21,20,37,130,170,190,75,48,58,145,146,19
08-24-2022,24,19,40,35,33,8,23,13,8,50,36,55,25,54,96,29,27,25,44,73,29,66,20,23,33,130,160,250,85,41,61,135,146,27
08-25-2022,24,19,40,35,33,8,23,13,8,50,36,55,25,54,96,29,27,25,44,73,29,66,20,23,33,130,160,250,85,41,61,135,146,27
08-26-2022,24,19,34,37,36,9,25,11,8,50,39,51,28,52,96,27,30,26,44,72,27,68,22,20,30,140,170,230,79,48,64,135,140,27
08-27-2022,24,19,34,37,36,9,25,11,8,50,39,51,28,52,96,27,30,26,44,72,27,68,22,20,30,140,170,230,79,48,64,135,140,27
08-28-2022,24,19,34,37,36,9,25,11,8,50,39,51,28,52,96,27,30,26,44,72,27,68,22,20,30,140,170,230,79,48,64,135,140,27
08-29-2022,24,19,34,37,36,9,25,11,8,50,39,51,28,52,96,27,30,26,44,72,27,68,22,20,30,140,170,230,79,48,64,135,140,27
08-30-2022,26,18,38,32,30,7,22,11,9,50,39,52,25,62,104,27,27,28,44,72,27,67,24,20,31,150,170,210,85,46,65,145,140,25
08-31-2022,26,18,38,32,30,7,22,11,9,50,39,52,25,62,104,27,27,28,44,72,27,67,24,20,31,150,170,210,85,46,65,145,140,25
09-01-2022,26,24,37,32,31,10,20,10,10,50,39,47,23,54,102,29,28,27,42,75,29,67,23,25,28,140,180,190,77,41,70,135,149,28
09-02-2022,26,24,37,32,31,10,20,10,10,50,39,47,23,54,102,29,28,27,42,75,29,67,23,25,28,140,180,190,77,41,70,135,149,28
09-03-2022,26,24,37,32,31,10,20,10,10,50,39,47,23,54,102,29,28,27,42,75,29,67,23,25,28,140,180,190,77,41,70,135,149,28
09-04-2022,26,24,37,32,31,10,20,10,10,50,39,47,23,54,102,29,28,27,42,75,29,67,23,25,28,140,180,190,77,41,70,135,149,28
09-05-2022,24,23,33,36,36,7,21,10,11,50,36,54,25,64,86,30,32,25,40,71,30,72,20,21,33,140,180,200,79,48,61,145,135,23
09-06-2022,27,33,39,37,33,9,22,10,11,50,41,49,23,50,98,29,31,25,38,72,29,64,22,24,32,140,180,200,79,48,61,145,135,23
09-07-2022,27,33,39,37,33,9,22,10,11,50,41,49,23,50,98,29,31,25,38,72,29,64,22,24,32,140,180,200,79,48,61,145,135,23
09-08-2022,27,33,39,37,33,9,22,10,11,50,41,49,23,50,98,29,31,25,38,72,29,64,22,24,32,140,180,200,79,48,61,145,135,23
09-09-2022,27,33,39,37,33,9,22,10,11,50,41,49,23,50,98,29,31,25,38,72,29,64,22,24,32,140,180,200,79,48,61,145,135,23
09-10-2022,24,36,38,30,40,12,18,15,10,50,31,60,22,51,100,29,20,45,43,115,29,68,17,24,29,110,170,190,78,45,68,135,132,24
09-11-2022,24,45,35,31,38,7,20,10,10,50,30,55,26,62,107,29,21,45,39,60,29,65,22,25,27,110,170,190,78,45,68,135,132,24
09-12-2022,24,45,35,31,38,7,20,10,10,50,30,55,26,62,107,29,21,45,39,60,29,65,22,25,27,110,170,190,78,45,68,135,132,24
09-13-2022,24,45,35,31,38,7,20,10,10,50,30,55,26,62,107,29,21,45,39,60,29,65,22,25,27,110,170,190,78,45,68,135,132,24
09-14-2022,24,45,35,31,38,7,20,10,10,50,30,55,26,62,107,29,21,45,39,60,29,65,22,25,27,110,170,190,78,45,68,135,132,24
09-15-2022,24,45,35,31,38,7,20,10,10,50,30,55,26,62,107,29,21,45,39,60,29,65,22,25,27,110,170,190,78,45,68,135,132,24
09-16-2022,22,40,38,33,42,7,20,10,7,50,32,53,27,50,106,28,25,45,39,40,28,67,22,25,33,95,150,210,79,41,62,145,135,25
09-17-2022,22,40,38,33,42,7,20,10,7,50,32,53,27,50,106,28,25,45,39,40,28,67,22,25,33,95,150,210,79,41,62,145,135,25
09-18-2022,22,40,38,33,42,7,20,10,7,50,32,53,27,50,106,28,25,45,39,40,28,67,22,25,33,95,150,210,79,41,62,145,135,25
09-19-2022,24,45,34,29,38,10,23,15,9,50,31,53,24,56,88,30,23,40,42,48,30,68,19,20,33,95,160,220,77,43,61,145,133,24
09-20-2022,24,45,34,29,38,10,23,15,9,50,31,53,24,56,88,30,23,40,42,48,30,68,19,20,33,95,160,220,77,43,61,145,133,24
09-21-2022,24,45,34,29,38,10,23,15,9,50,31,53,24,56,88,30,23,40,42,48,30,68,19,20,33,95,160,220,77,43,61,145,133,24
09-22-2022,21,46,35,34,44,10,24,12,8,50,31,59,24,56,110,30,18,42,44,47,30,74,17,25,29,95,160,200,79,43,69,145,147,27
09-23-2022,21,46,35,34,44,10,24,12,8,50,31,59,24,56,110,30,18,42,44,47,30,74,17,25,29,95,160,200,79,43,69,145,147,27
09-24-2022,21,46,35,34,44,10,24,12,8,50,31,59,24,56,110,30,18,42,44,47,30,74,17,25,29,95,160,200,79,43,69,145,147,27
09-25-2022,24,40,39,36,44,11,25,13,12,50,35,62,28,65,101,33,18,44,46,43,33,71,27,24,29,95,150,230,75,48,68,145,147,26
09-26-2022,24,40,39,36,44,11,25,13,12,50,35,62,28,65,101,33,18,44,46,43,33,71,27,24,29,95,150,230,75,48,68,145,147,26
09-27-2022,24,40,39,36,44,11,25,13,12,50,35,62,28,65,101,33,18,44,46,43,33,71,27,24,29,95,150,230,75,48,68,145,147,26
09-28-2022,24,38,39,30,38,8,22,14,8,60,31,60,28,64,99,34,20,41,42,40,34,75,25,21,30,95,160,230,83,40,60,135,147,24
09-29-2022,24,38,39,30,38,8,22,14,8,60,31,60,28,64,99,34,20,41,42,40,34,75,25,21,30,95,160,230,83,40,60,135,147,24
09-30-2022,21,36,39,32,38,9,20,14,12,60,34,65,22,63,94,30,17,40,38,49,30,71,30,22,31,95,160,230,81,48,59,135,134,27
10-01-2022,21,36,39,32,38,9,20,14,12,60,34,65,22,63,94,30,17,40,38,49,30,71,30,22,31,95,160,230,81,48,59,135,134,27
10-02-2022,21,36,39,32,38,9,20,14,12,60,34,65,22,63,94,30,17,40,38,49,30,71,30,22,31,95,160,230,81,48,59,135,134,27
10-03-2022,24,37,35,33,40,10,23,12,11,50,31,60,23,64,97,36,20,45,41,48,36,65,29,22,33,95,170,190,83,46,59,135,160,27
10-04-2022,24,37,35,33,40,10,23,12,11,50,31,60,23,64,97,36,20,45,41,48,36,65,29,22,33,95,170,190,83,46,59,135,160,27
10-05-2022,24,37,35,33,40,10,23,12,11,50,31,60,23,64,97,36,20,45,41,48,36,65,29,22,33,95,170,190,83,46,59,135,160,27
10-06-2022,21,36,38,30,41,12,22,14,12,50,30,67,24,60,82,31,20,44,40,43,31,67,30,20,30,95,160,220,84,40,59,145,147,25
10-07-2022,21,36,38,30,41,12,22,14,12,50,30,67,24,60,82,31,20,44,40,43,31,67,30,20,30,95,160,220,84,40,59,145,147,25
10-08-2022,23,32,37,35,43,11,21,11,9,50,34,59,23,61,102,36,24,40,38,44,36,75,28,21,29,95,160,210,75,43,63,125,158,24
10-09-2022,23,32,37,35,43,11,21,11,9,50,34,59,23,61,102,36,24,40,38,44,36,75,28,21,29,95,160,210,75,43,63,125,158,24
10-10-2022,23,32,37,35,43,11,21,11,9,50,34,59,23,61,102,36,24,40,38,44,36,75,28,21,29,95,160,210,75,43,63,125,158,24
10-11-2022,23,32,37,35,43,11,21,11,9,50,34,59,23,61,102,36,24,40,38,44,36,75,28,21,29,95,160,210,75,43,63,125,158,24
10-12-2022,22,38,38,33,44,8,20,15,12,50,34,70,22,52,90,32,19,43,46,41,32,72,27,21,31,95,160,190,81,48,59,135,140,26
10-13-2022,22,38,38,33,44,8,20,15,12,50,34,70,22,52,90,32,19,43,46,41,32,72,27,21,31,95,160,190,81,48,59,135,140,26
10-14-2022,22,38,38,33,44,8,20,15,12,50,34,70,22,52,90,32,19,43,46,41,32,72,27,21,31,95,160,190,81,48,59,135,140,26
10-15-2022,23,35,37,31,40,11,21,12,11,60,36,65,25,55,103,30,20,41,39,46,30,72,26,25,30,95,150,240,84,48,67,135,151,28
10-16-2022,23,35,37,31,40,11,21,12,11,60,36,65,25,55,103,30,20,41,39,46,30,72,26,25,30,95,150,240,84,48,67,135,151,28
10-17-2022,23,35,37,31,40,11,21,12,11,60,36,65,25,55,103,30,20,41,39,46,30,72,26,25,30,95,150,240,84,48,67,135,151,28
10-18-2022,23,38,35,33,43,12,21,11,8,60,33,61,23,61,85,36,25,44,46,40,36,66,23,23,28,95,160,230,79,49,60,145,144,26
10-19-2022,23,38,35,33,43,12,21,11,8,60,33,61,23,61,85,36,25,44,46,40,36,66,23,23,28,95,160,230,79,49,60,145,144,26
10-20-2022,23,38,35,33,43,12,21,11,8,60,33,61,23,61,85,36,25,44,46,40,36,66,23,23,28,95,160,230,79,49,60,145,144,26
10-21-2022,23,38,35,33,43,12,21,11,8,60,33,61,23,61,85,36,25,44,46,40,36,66,23,23,28,95,160,240,81,45,60,125,159,25
10-22-2022,23,38,35,33,43,12,21,11,8,60,33,61,23,61,85,36,25,44,46,40,36,66,23,23,28,95,160,240,81,45,60,125,159,25
10-23-2022,23,38,35,33,43,12,21,11,8,60,33,61,23,61,85,36,25,44,46,40,36,66,23,23,28,95,160,240,81,45,60,125,159,25
10-24-2022,22,36,36,31,40,9,20,10,10,50,32,70,26,55,109,34,20,44,44,45,34,73,25,26,29,95,150,240,78,48,62,145,139,26
10-25-2022,22,36,36,31,40,9,20,10,10,50,32,70,26,55,109,34,20,44,44,45,34,73,25,26,29,95,150,240,78,48,62,145,139,26
10-26-2022,22,36,36,31,40,9,20,10,10,50,32,70,26,55,109,34,20,44,44,45,34,73,25,26,29,95,150,240,78,48,62,145,139,26
10-27-2022,23,30,40,30,39,9,23,14,11,50,36,70,25,65,97,36,25,45,44,47,36,69,23,26,29,95,150,220,85,46,67,145,145,25
10-28-2022,23,30,40,30,39,9,23,14,11,50,36,70,25,65,97,36,25,45,44,47,36,69,23,26,29,95,150,220,85,46,67,145,145,25
10-29-2022,26,27,39,31,39,7,23,12,8,60,35,63,26,50,110,36,25,40,38,47,36,65,25,26,29,95,150,190,80,44,59,155,141,26
10-30-2022,26,27,39,31,39,7,23,12,8,60,35,63,26,50,110,36,25,40,38,47,36,65,25,26,29,95,150,190,80,44,59,155,141,26
10-31-2022,26,27,39,31,39,7,23,12,8,60,35,63,26,50,110,36,25,40,38,47,36,65,25,26,29,95,150,190,80,44,59,155,141,26
11-01-2022,26,27,39,31,39,7,23,12,8,60,35,63,26,50,110,36,25,40,38,47,36,65,25,26,29,95,150,190,80,44,59,155,141,26
11-02-2022,26,27,39,31,39,7,23,12,8,60,35,63,26,50,110,36,25,40,38,47,36,65,25,26,29,95,150,190,80,44,59,155,141,26
11-03-2022,36,31,38,35,42,9,21,14,11,50,35,59,23,57,96,34,24,44,40,45,34,75,24,22,36,105,160,190,83,47,65,125,147,25
11-04-2022,36,31,38,35,42,9,21,14,11,50,35,59,23,57,96,34,24,44,40,45,34,75,24,22,36,105,160,190,83,47,65,125,147,25
11-05-2022,36,31,38,35,42,9,21,14,11,50,35,59,23,57,96,34,24,44,40,45,34,75,24,22,36,95,150,220,84,50,68,125,160,27
11-06-2022,36,28,35,40,39,10,24,11,12,60,30,58,24,57,101,30,21,45,43,41,30,69,26,23,35,95,150,210,79,45,59,145,136,27
11-07-2022,36,28,35,40,39,10,24,11,12,60,30,58,24,57,101,30,21,45,43,41,30,69,26,23,35,95,150,210,79,45,59,145,136,27
11-08-2022,36,28,35,40,39,10,24,11,12,60,30,58,24,57,101,30,21,45,43,41,30,69,26,23,35,95,150,210,79,45,59,145,136,27
11-09-2022,42,20,36,37,44,8,21,12,12,50,32,58,24,62,89,35,24,40,41,44,35,69,23,25,34,95,150,210,75,46,62,125,137,27
11-10-2022,42,20,36,37,44,8,21,12,12,50,32,58,24,62,89,35,24,40,41,44,35,69,23,25,34,95,150,210,75,46,62,125,137,27
11-11-2022,42,20,36,37,44,8,21,12,12,50,32,58,24,62,89,35,24,40,41,44,35,69,23,25,34,95,150,210,75,46,62,125,137,27
11-12-2022,38,22,36,36,38,9,22,12,9,50,30,64,24,62,88,30,25,40,40,47,30,75,28,22,56,95,150,220,82,48,61,125,141,27
11-13-2022,38,22,36,36,38,9,22,12,9,50,30,64,24,62,88,30,25,40,40,47,30,75,28,22,56,95,150,220,82,48,61,125,141,27
11-14-2022,38,22,36,36,38,9,22,12,9,50,30,64,24,62,88,30,25,40,40,47,30,75,28,22,56,95,150,220,82,48,61,125,141,27
11-15-2022,38,22,36,36,38,9,22,12,9,50,30,64,24,62,88,30,25,40,40,47,30,75,28,22,56,95,150,220,82,48,61,125,141,27
11-16-2022,38,22,36,36,38,9,22,12,9,50,30,64,24,62,88,30,25,40,40,47,30,75,28,22,56,95,150,220,82,48,61,125,141,27
11-17-2022,38,22,36,36,38,9,22,12,9,50,30,64,24,62,88,30,25,40,40,47,30,75,28,22,56,95,150,220,82,48,61,125,141,27
11-18-2022,35,18,34,33,38,11,28,10,7,50,30,21,22,52,80,32,18,26,40,43,32,67,23,18,98,95,150,230,83,41,67,145,157,27
11-19-2022,35,18,34,33,38,11,28,10,7,50,30,21,22,52,80,32,18,26,40,43,32,67,23,18,98,95,150,230,83,41,67,145,157,27
11-20-2022,35,18,34,33,38,11,28,10,7,50,30,21,22,52,80,32,18,26,40,43,32,67,23,18,98,95,150,230,83,41,67,145,157,27
11-21-2022,38,21,33,32,41,11,31,14,10,50,27,21,24,58,106,29,18,25,40,48,29,72,30,23,91,95,150,230,80,47,58,115,131,28
11-22-2022,38,21,33,32,41,11,31,14,10,50,27,21,24,58,106,29,18,25,40,48,29,72,30,23,91,95,150,230,80,47,58,115,131,28
11-23-2022,38,21,33,32,41,11,31,14,10,50,27,21,24,58,106,29,18,25,40,48,29,72,30,23,91,95,150,230,80,47,58,115,131,28
11-24-2022,35,20,37,35,44,10,27,15,9,50,29,21,23,60,104,28,17,25,44,45,28,72,28,23,86,95,160,190,79,40,60,125,157,27
11-25-2022,35,20,37,35,44,10,27,15,9,50,29,21,23,60,104,28,17,25,44,45,28,72,28,23,86,95,160,190,79,40,60,125,157,27
11-26-2022,36,20,38,35,39,9,29,15,7,60,26,25,26,65,99,27,19,28,43,41,27,67,30,19,91,95,160,190,82,49,63,125,137,27
11-27-2022,36,20,38,35,39,9,29,15,7,60,26,25,26,65,99,27,19,28,43,41,27,67,30,19,91,95,160,190,82,49,63,125,137,27
11-28-2022,25,20,37,34,43,12,32,13,10,60,31,22,28,54,92,30,22,28,42,45,30,71,27,24,79,75,150,210,82,40,61,135,135,24
11-29-2022,25,20,37,34,43,12,32,13,10,60,31,22,28,54,92,30,22,28,42,45,30,71,27,24,79,75,150,210,82,40,61,135,135,24
11-30-2022,30,17,38,35,38,10,29,14,7,60,28,20,27,64,81,27,19,28,43,47,27,68,29,19,74,85,160,230,78,38,57,135,142,26
12-01-2022,30,17,38,35,38,10,29,14,7,60,28,20,27,64,81,27,19,28,43,47,27,68,29,19,74,85,160,230,78,38,57,135,142,26
12-02-2022,30,17,38,35,38,10,29,14,7,60,28,20,27,64,81,27,19,28,43,47,27,68,29,19,74,85,160,230,78,38,57,135,142,26
12-03-2022,26,15,34,31,44,9,32,13,7,60,31,23,23,57,101,28,22,27,41,45,28,75,23,20,76,85,160,230,84,43,65,135,140,25
12-04-2022,26,15,34,31,44,9,32,13,7,60,31,23,23,57,101,28,22,27,41,45,28,75,23,20,76,85,160,230,84,43,65,135,140,25
12-05-2022,26,15,34,31,44,9,32,13,7,60,31,23,23,57,101,28,22,27,41,45,28,75,23,20,76,85,160,230,84,43,65,135,140,25
12-06-2022,26,15,34,31,44,9,32,13,7,60,31,23,23,57,101,28,22,27,41,45,28,75,23,20,76,85,160,230,84,43,65,135,140,25
12-07-2022,25,15,38,34,40,11,27,15,10,50,26,22,27,64,94,27,21,24,44,44,27,67,30,24,77,75,160,220,78,38,64,125,143,26
12-08-2022,25,15,38,34,40,11,27,15,10,50,26,22,27,64,94,27,21,24,44,44,27,67,30,24,77,75,160,220,78,38,64,125,143,26
12-09-2022,25,15,38,34,40,11,27,15,10,50,26,22,27,64,94,27,21,24,44,44,27,67,30,24,77,75,160,220,78,38,64,125,143,26
12-10-2022,27,20,35,30,44,9,31,15,9,60,29,22,27,55,102,28,18,27,45,47,28,65,24,24,72,85,160,190,80,43,67,135,136,24
12-11-2022,27,20,35,30,44,9,31,15,9,60,29,22,27,55,102,28,18,27,45,47,28,65,24,24,72,85,160,190,80,43,67,135,136,24
12-12-2022,27,20,35,30,44,9,31,15,9,60,29,22,27,55,102,28,18,27,45,47,28,65,24,24,72,85,160,190,80,43,67,135,136,24
12-13-2022,27,20,35,30,44,9,31,15,9,60,29,22,27,55,102,28,18,27,45,47,28,65,24,24,72,85,160,190,80,43,67,135,136,24
12-14-2022,29,15,36,30,42,9,26,15,9,60,31,24,25,52,87,28,24,25,39,44,28,66,25,22,71,75,150,240,75,41,59,125,150,26
12-15-2022,29,15,36,30,42,9,26,15,9,60,31,24,25,52,87,28,24,25,39,44,28,66,25,22,71,75,150,240,75,41,59,125,150,26
12-16-2022,29,15,36,30,42,9,26,15,9,60,31,24,25,52,87,28,24,25,39,44,28,66,25,22,71,75,150,240,75,41,59,125,150,26
12-17-2022,29,15,36,30,42,9,26,15,9,60,31,24,25,52,87,28,24,25,39,44,28,66,25,22,71,75,150,240,75,41,59,125,150,26
12-18-2022,26,27,35,33,44,8,28,13,10,60,27,30,26,60,85,31,20,28,36,50,31,75,24,23,36,85,160,190,85,39,60,125,157,24
12-19-2022,26,27,35,33,44,8,28,13,10,60,27,30,26,60,85,31,20,28,36,50,31,75,24,23,36,85,160,190,85,39,60,125,157,24
12-20-2022,26,27,35,33,44,8,28,13,10,60,27,30,26,60,85,31,20,28,36,50,31,75,24,23,36,85,160,190,85,39,60,125,157,24
12-21-2022,26,27,35,33,44,8,28,13,10,60,27,30,26,60,85,31,20,28,36,50,31,75,24,23,36,85,160,190,85,39,60,125,157,24
12-22-2022,29,28,33,40,43,7,34,14,9,50,32,31,24,48,106,31,21,25,40,51,31,63,25,24,30,75,170,200,77,54,53,135,149,24
12-23-2022,29,28,33,40,43,7,34,14,9,50,32,31,24,48,106,31,21,25,40,51,31,63,25,24,30,75,170,200,77,54,53,135,149,24
12-24-2022,25,17,33,29,44,7,30,14,7,70,31,30,23,47,90,31,26,26,39,35,31,64,26,23,34,85,150,200,80,40,50,125,125,21
12-25-2022,25,17,33,29,44,7,30,14,7,70,31,30,23,47,90,31,26,26,39,35,31,64,26,23,34,85,150,200,80,40,50,125,125,21
12-26-2022,25,17,33,29,44,7,30,14,7,70,31,30,23,47,90,31,26,26,39,35,31,64,26,23,34,85,150,200,80,40,50,125,125,21
12-27-2022,24,16,36,25,44,5,29,10,9,70,32,28,24,47,92,29,28,28,38,35,29,68,30,26,30,85,170,240,76,44,49,115,120,21
12-28-2022,24,16,36,25,44,5,29,10,9,70,32,28,24,47,92,29,28,28,38,35,29,68,30,26,30,85,170,240,76,44,49,115,120,21
12-29-2022,30,16,34,32,44,7,29,11,10,70,30,30,24,48,86,29,20,27,39,38,29,62,25,25,39,75,160,180,78,46,41,115,122,19
12-30-2022,30,16,34,32,44,7,29,11,10,70,30,30,24,48,86,29,20,27,39,38,29,62,25,25,39,75,160,180,78,46,41,115,122,19
12-31-2022,30,16,34,32,44,7,29,11,10,70,30,30,24,48,86,29,20,27,39,38,29,62,25,25,39,75,160,180,78,46,41,115,122,19
01-01-2023,27,19,35,30,48,6,32,10,10,60,27,35,27,45,109,30,20,27,39,38,30,62,25,25,39,75,160,180,78,46,41,115,122,19
01-02-2023,27,19,35,30,48,6,32,10,10,60,27,35,27,45,109,30,25,27,41,35,30,69,24,28,30,75,160,180,77,42,42,115,137,21
01-03-2023,27,19,35,30,48,6,32,10,10,60,27,35,27,45,109,30,25,27,41,35,30,69,24,28,30,75,160,180,77,42,42,115,137,21
01-04-2023,27,19,35,30,48,6,32,10,10,60,27,35,27,45,109,30,28,24,39,39,30,67,27,27,33,85,150,190,76,46,44,115,123,20
01-05-2023,27,19,33,25,48,7,32,15,7,70,32,33,25,52,93,32,28,24,39,39,32,67,27,27,33,85,150,190,76,46,44,115,123,20
01-06-2023,26,19,33,25,48,7,32,15,7,70,32,33,25,52,93,32,28,24,39,39,32,67,27,27,33,85,150,190,76,46,44,115,123,20
01-07-2023,26,19,33,25,48,7,32,15,7,70,32,33,25,52,93,32,28,24,39,39,32,67,27,27,33,85,150,190,76,46,44,115,123,20
01-08-2023,26,18,33,32,41,6,32,15,9,60,28,30,22,57,81,32,24,28,44,37,32,66,25,21,40,85,160,220,83,47,45,135,142,21
01-09-2023,24,18,33,32,41,6,32,15,9,60,28,30,22,57,81,32,24,28,44,37,32,66,25,21,40,85,160,220,83,47,45,135,142,21
01-10-2023,24,18,33,32,41,6,32,15,9,60,28,30,22,57,81,32,24,28,44,37,32,66,25,21,40,85,160,220,83,47,45,135,142,21
01-11-2023,24,20,38,31,40,7,30,12,7,50,28,35,27,59,86,27,24,24,37,34,27,65,27,26,36,95,150,250,77,48,40,125,142,22
01-12-2023,26,20,38,31,40,7,30,12,7,50,28,35,27,59,86,27,24,24,37,34,27,65,27,26,36,95,150,250,77,48,40,125,142,22
01-13-2023,26,20,38,31,40,7,30,12,7,50,28,35,27,59,86,27,24,24,37,34,27,65,27,26,36,95,150,250,77,48,40,125,142,22
01-14-2023,26,20,38,31,40,7,30,12,7,50,28,35,27,59,86,27,28,27,41,41,27,64,24,28,36,95,160,220,78,45,44,115,147,19
01-15-2023,26,19,37,31,47,8,32,13,7,50,32,30,26,56,92,30,28,27,41,41,30,64,24,28,36,95,160,220,78,45,44,115,147,19
01-16-2023,26,19,37,31,47,8,32,13,7,50,32,30,26,56,92,30,28,27,41,41,30,64,24,28,36,95,160,220,78,45,44,115,147,19
01-17-2023,26,20,32,26,46,8,28,11,10,70,31,31,23,49,82,30,28,27,41,41,30,64,24,28,36,95,160,220,78,45,44,115,147,19
01-18-2023,28,32,40,31,45,6,28,14,10,60,29,32,23,56,86,28,28,25,37,40,28,68,28,21,36,95,160,230,75,45,40,115,149,21
01-19-2023,24,32,40,31,45,6,28,14,10,60,29,32,23,56,86,28,28,25,37,40,28,68,28,21,36,95,160,230,75,45,40,115,149,21
01-20-2023,24,32,40,31,45,6,28,14,10,60,29,32,23,56,86,28,23,24,43,38,28,63,29,23,36,95,160,190,80,50,40,115,146,22
01-21-2023,24,32,40,31,45,6,28,14,10,60,29,32,23,56,86,28,23,28,40,37,28,63,23,20,31,95,160,190,80,50,40,115,146,22
01-22-2023,24,27,36,28,42,8,28,10,9,70,29,35,22,54,94,27,23,28,40,37,27,63,23,20,31,95,160,190,80,50,40,115,146,22
01-23-2023,30,27,36,28,42,8,28,10,9,70,29,35,22,54,94,27,23,28,40,37,27,63,23,20,31,95,160,190,80,50,40,115,146,22
01-24-2023,30,27,36,28,42,8,28,10,9,70,29,35,22,54,94,27,23,28,40,37,27,63,23,20,31,95,160,190,80,50,40,115,146,22
01-25-2023,30,24,35,28,46,8,43,12,8,50,27,35,27,56,87,31,21,24,38,35,31,70,23,25,31,105,180,190,75,48,50,125,130,18
01-26-2023,25,24,35,28,46,8,43,12,8,50,27,35,27,56,87,31,21,24,38,35,31,70,23,25,31,105,180,190,75,48,50,125,130,18
01-27-2023,25,24,35,28,46,8,43,12,8,50,27,35,27,56,87,31,21,24,38,35,31,70,23,25,31,105,180,190,75,48,50,125,130,18
01-28-2023,25,26,34,36,48,5,43,17,12,60,32,36,28,56,101,28,22,26,37,33,28,65,23,25,32,125,160,180,80,50,46,135,128,20
01-29-2023,30,26,34,36,48,5,43,17,12,60,32,36,28,56,101,28,22,26,37,33,28,65,23,25,32,125,160,180,80,50,46,135,128,20
01-30-2023,30,26,34,36,48,5,43,17,12,60,32,36,28,56,101,28,22,26,37,33,28,65,23,25,32,125,160,180,80,50,46,135,128,20
01-31-2023,30,24,37,38,48,7,42,15,9,60,29,32,22,46,100,29,24,24,39,41,29,64,18,21,42,115,160,240,75,40,44,115,134,21
02-01-2023,25,24,37,38,48,7,42,15,9,60,29,32,22,46,100,29,24,24,39,41,29,64,18,21,42,115,160,240,75,40,44,115,134,21
02-02-2023,25,24,37,38,48,7,42,15,9,60,29,32,22,46,100,29,24,24,39,41,29,64,18,21,42,115,160,240,75,40,44,115,134,21
02-03-2023,25,23,35,39,40,7,46,17,7,60,29,39,25,53,106,30,23,27,44,40,30,69,23,26,44,125,170,240,84,41,49,115,130,21
02-04-2023,22,23,35,39,40,7,46,17,7,60,29,39,25,53,106,30,23,27,44,40,30,69,23,26,44,125,170,240,84,41,49,115,130,21
02-05-2023,22,23,35,39,40,7,46,17,7,60,29,39,25,53,106,30,23,27,44,40,30,69,23,26,44,125,170,240,84,41,49,115,130,21
02-06-2023,22,23,32,33,41,8,48,17,12,60,31,36,22,57,92,32,28,25,47,48,32,62,23,25,35,105,170,180,90,48,40,125,135,16
02-07-2023,24,23,32,33,41,8,48,17,12,60,31,36,22,57,92,32,28,25,47,48,32,62,23,25,35,105,170,180,90,48,40,125,135,16
02-08-2023,24,23,32,33,41,8,48,17,12,60,31,36,22,57,92,32,28,25,47,48,32,62,23,25,35,105,170,180,90,48,40,125,135,16
02-09-2023,24,23,37,36,46,7,48,17,11,50,29,37,24,56,84,30,27,26,41,50,30,70,24,24,38,125,150,210,85,49,46,135,121,18
02-10-2023,25,23,37,36,46,7,48,17,11,50,29,37,24,56,84,30,27,26,41,50,30,70,24,24,38,125,150,210,85,49,46,135,121,18
02-11-2023,25,23,37,36,46,7,48,17,11,50,29,37,24,56,84,30,27,26,41,50,30,70,24,24,38,125,150,210,85,49,46,135,121,18
02-12-2023,25,23,37,36,46,7,48,17,11,50,29,37,24,56,84,30,22,26,50,48,30,65,24,26,46,115,160,220,83,47,52,135,135,17
02-13-2023,25,21,36,33,40,6,43,10,12,50,27,35,24,46,109,32,22,26,50,48,32,65,24,26,46,115,160,220,83,47,52,135,135,17
02-14-2023,22,21,36,33,40,6,43,10,12,50,27,35,24,46,109,32,22,26,50,48,32,65,24,26,46,115,160,220,83,47,52,135,135,17
02-15-2023,22,21,36,33,40,6,43,10,12,50,27,35,24,46,109,32,22,26,50,48,32,65,24,26,46,115,160,220,83,47,52,135,135,17
02-16-2023,22,24,43,37,44,5,44,13,11,70,30,37,25,58,94,32,24,28,40,47,32,69,20,22,44,115,170,230,82,50,53,125,123,14
02-17-2023,23,24,43,37,44,5,44,13,11,70,30,37,25,58,94,32,24,28,40,47,32,69,20,22,44,115,170,230,82,50,53,125,123,14
02-18-2023,23,24,43,37,44,5,44,13,11,70,30,37,25,58,94,32,24,28,40,47,32,69,20,22,44,115,170,230,82,50,53,125,123,14
02-19-2023,23,24,43,37,44,5,44,13,11,70,30,37,25,58,94,32,21,26,40,51,32,66,18,23,51,115,170,190,86,46,48,135,137,17
02-20-2023,23,27,45,37,46,7,47,11,9,60,33,39,26,58,98,28,21,26,40,51,28,66,18,23,51,115,170,190,86,46,48,135,137,17
02-21-2023,25,27,45,37,46,7,47,11,9,60,33,39,26,58,98,28,21,26,40,51,28,66,18,23,51,115,170,190,86,46,48,135,137,17
02-22-2023,25,35,42,37,47,6,44,12,9,50,34,38,23,54,94,29,21,26,40,51,29,66,18,23,51,115,170,190,86,46,48,135,137,17
02-23-2023,23,35,42,37,47,6,44,12,9,50,34,38,23,54,94,29,20,27,44,59,29,68,20,25,55,105,150,230,83,47,53,135,140,18
02-24-2023,23,35,42,37,47,6,44,12,9,50,34,38,23,54,94,29,20,27,44,59,29,68,20,25,55,105,150,230,83,47,53,135,140,18
02-25-2023,23,33,44,37,48,6,45,13,7,50,28,41,27,59,93,28,23,26,53,57,28,65,18,21,56,105,160,190,83,43,56,125,127,16
02-26-2023,18,33,44,37,48,6,45,13,7,50,28,41,27,59,93,28,23,26,53,57,28,65,18,21,56,105,160,190,83,43,56,125,127,16
02-27-2023,18,33,44,37,48,6,45,13,7,50,28,41,27,59,93,28,23,26,53,57,28,65,18,21,56,105,160,190,83,43,56,125,127,16
02-28-2023,18,33,44,37,48,6,45,13,7,50,28,41,27,59,93,28,23,25,48,57,28,66,23,24,56,115,160,190,83,41,54,115,150,16
03-01-2023,18,28,39,29,43,8,45,11,9,70,26,40,28,55,93,28,23,25,48,57,28,66,23,24,56,115,160,190,83,41,54,115,150,16
03-02-2023,19,28,39,29,43,8,45,11,9,70,26,40,28,55,93,28,23,25,48,57,28,66,23,24,56,115,160,190,83,41,54,115,150,16
03-03-2023,19,28,39,29,43,8,45,11,9,70,26,40,28,55,93,28,23,25,48,57,28,66,23,24,56,115,160,190,83,41,54,115,150,16
03-04-2023,19,28,39,29,43,8,45,11,9,70,26,40,28,55,93,28,28,25,44,60,28,64,15,21,53,145,150,200,82,45,54,115,140,17
03-05-2023,19,28,39,29,43,8,45,11,9,70,26,40,28,55,93,28,28,25,44,60,28,64,15,21,53,145,150,200,82,45,54,115,140,17
03-06-2023,19,28,39,29,43,8,45,11,9,70,26,40,28,55,93,28,28,25,44,60,28,64,15,21,53,145,150,200,82,45,54,115,140,17
03-07-2023,19,31,46,28,50,7,41,11,8,60,28,42,22,56,104,24,28,25,44,60,24,64,15,21,53,145,150,200,82,45,54,115,140,17
03-08-2023,17,31,46,28,50,7,41,11,8,60,28,42,22,56,104,24,28,25,44,60,24,64,15,21,53,145,150,200,82,45,54,115,140,17
03-09-2023,17,31,46,28,50,7,41,11,8,60,28,42,22,56,104,24,28,25,44,60,24,64,15,21,53,145,150,200,82,45,54,115,140,17
03-10-2023,17,31,46,28,50,7,41,11,8,60,28,42,22,56,104,24,28,26,44,53,24,64,15,20,53,145,170,190,81,48,58,125,137,15
03-11-2023,17,24,45,27,43,7,45,16,10,50,32,38,27,51,100,28,28,26,44,53,28,64,15,20,53,145,170,190,81,48,58,125,137,15
03-12-2023,19,24,45,27,43,7,45,16,10,50,32,38,27,51,100,28,28,26,44,53,28,64,15,20,53,145,170,190,81,48,58,125,137,15
03-13-2023,19,24,45,27,43,7,45,16,10,50,32,38,27,51,100,28,28,26,44,53,28,64,15,20,53,145,170,190,81,48,58,125,137,15
03-14-2023,19,30,40,27,40,7,44,15,7,60,32,39,27,57,99,26,27,27,50,57,26,63,13,26,49,125,150,210,80,43,59,115,140,18
03-15-2023,18,30,40,27,40,7,44,15,7,60,32,39,27,57,99,26,27,27,50,57,26,63,13,26,49,125,150,210,80,43,59,115,140,18
03-16-2023,18,26,45,28,47,8,45,12,10,60,28,42,23,60,84,29,27,27,50,57,29,63,13,26,49,125,150,210,80,43,59,115,140,18
03-17-2023,18,26,45,28,47,8,45,12,10,60,28,42,23,60,84,29,20,24,48,51,29,70,12,22,50,105,190,200,80,46,57,125,148,15
03-18-2023,18,26,45,28,47,8,45,12,10,60,28,42,23,60,84,29,20,24,48,51,29,70,12,22,50,105,190,200,80,46,57,125,148,15
03-19-2023,18,26,45,28,47,8,45,12,10,60,28,42,23,60,84,29,23,27,42,58,29,61,10,24,53,135,150,190,80,45,57,135,142,16
03-20-2023,18,26,45,28,47,8,45,12,10,60,28,42,23,60,84,29,23,27,42,58,29,61,10,24,53,135,150,190,80,45,57,135,142,16
03-21-2023,18,24,40,31,46,5,45,14,11,60,30,38,22,50,109,29,23,27,42,58,29,61,10,24,53,135,150,190,80,45,57,135,142,16
03-22-2023,20,24,40,31,46,5,45,14,11,60,30,38,22,50,109,29,23,27,42,58,29,61,10,24,53,135,150,190,80,45,57,135,142,16
03-23-2023,20,23,45,29,50,5,43,17,10,70,34,37,23,60,95,25,23,27,42,58,25,61,10,24,53,135,150,190,80,45,57,135,142,16
03-24-2023,21,23,45,29,50,5,43,17,10,70,34,37,23,60,95,25,27,25,41,59,25,66,10,24,50,105,180,180,84,48,53,115,122,16
03-25-2023,21,23,45,29,50,5,43,17,10,70,34,37,23,60,95,25,27,25,41,59,25,66,10,24,50,105,180,180,84,48,53,115,122,16
03-26-2023,21,21,40,29,47,6,42,12,9,60,34,40,26,53,109,27,23,25,50,57,27,63,12,30,52,145,180,180,84,44,56,115,146,14
03-27-2023,21,21,40,29,47,6,42,12,9,60,34,40,26,53,109,27,23,25,50,57,27,63,12,30,52,145,180,180,84,44,56,115,146,14
03-28-2023,21,21,40,29,47,6,42,12,9,60,34,40,26,53,109,27,23,25,50,57,27,63,12,30,52,145,180,180,84,44,56,115,146,14
03-29-2023,21,28,42,21,46,7,48,13,10,50,32,38,23,58,86,27,25,28,46,54,27,66,13,29,54,135,170,190,81,49,59,115,131,18
03-30-2023,18,28,42,21,46,7,48,13,10,50,32,38,23,58,86,27,25,28,46,54,27,66,13,29,54,135,170,190,81,49,59,115,131,18
03-31-2023,18,28,42,21,46,7,48,13,10,50,32,38,23,58,86,27,25,28,46,54,27,66,13,29,54,135,170,190,81,49,59,115,131,18
04-01-2023,18,28,42,21,46,7,48,13,10,50,32,38,23,58,86,27,26,26,53,56,27,59,16,31,56,115,180,220,84,47,61,115,130,15
04-02-2023,18,15,41,22,48,6,34,15,11,50,34,42,25,56,42,27,26,26,53,56,27,59,16,31,56,115,180,220,84,47,61,115,130,15
04-03-2023,20,15,41,22,48,6,34,15,11,50,34,42,25,56,42,27,26,26,53,56,27,59,16,31,56,115,180,220,84,47,61,115,130,15
04-04-2023,20,15,41,22,48,6,34,15,11,50,34,42,25,56,42,27,26,26,53,56,27,59,16,31,56,115,180,220,84,47,61,115,130,15
04-05-2023,20,15,41,22,48,6,34,15,11,50,34,42,25,56,42,27,25,24,49,53,27,61,12,25,54,115,160,240,85,50,61,125,135,15
04-06-2023,20,15,41,22,48,6,34,15,11,50,34,42,25,56,42,27,25,24,49,53,27,61,12,25,54,115,160,240,85,50,61,125,135,15
04-07-2023,20,16,48,25,40,8,37,13,11,70,34,42,25,60,37,24,25,24,49,53,24,61,12,25,54,115,160,240,85,50,61,125,135,15
04-08-2023,18,16,48,25,40,8,37,13,11,70,34,42,25,60,37,24,25,24,49,53,24,61,12,25,54,115,160,240,85,50,61,125,135,15
04-09-2023,18,16,48,25,40,8,37,13,11,70,34,42,25,60,37,24,25,24,49,53,24,61,12,25,54,115,160,240,85,50,61,125,135,15
04-10-2023,18,16,48,25,40,8,37,13,11,70,34,42,25,60,37,24,21,28,54,50,24,65,16,27,49,155,180,230,85,48,57,135,110,16
04-11-2023,18,19,45,23,49,6,39,11,9,70,34,46,24,55,29,24,21,28,54,50,24,65,16,27,49,155,180,230,85,48,57,135,110,16
04-12-2023,19,19,45,23,49,6,39,11,9,70,34,46,24,55,29,24,21,28,54,50,24,65,16,27,49,155,180,230,85,48,57,135,110,16
04-13-2023,19,19,45,23,49,6,39,11,9,70,34,46,24,55,29,24,21,28,54,50,24,65,16,27,49,155,180,230,85,48,57,135,110,16
04-14-2023,19,19,45,23,49,6,39,11,9,70,34,46,24,55,29,24,25,26,58,67,24,62,12,29,56,115,180,180,81,44,56,135,105,18
04-15-2023,19,17,45,23,48,8,33,14,8,70,34,47,28,50,31,26,25,26,58,67,26,62,12,29,56,115,180,180,81,44,56,135,105,18
04-16-2023,19,17,45,23,48,8,33,14,8,70,34,47,28,50,31,26,25,26,58,67,26,62,12,29,56,115,180,180,81,44,56,135,105,18
04-17-2023,19,17,45,23,48,8,33,14,8,70,34,47,28,50,31,26,25,26,58,67,26,62,12,29,56,115,180,180,81,44,56,135,105,18
04-18-2023,19,17,48,26,43,9,40,13,11,50,27,45,27,52,31,25,28,25,53,69,25,62,13,32,51,125,160,220,85,46,59,135,116,16
04-19-2023,17,17,48,26,43,9,40,13,11,50,27,45,27,52,31,25,28,25,53,69,25,62,13,32,51,125,160,220,85,46,59,135,116,16
04-20-2023,17,17,48,26,43,9,40,13,11,50,27,45,27,52,31,25,28,25,53,69,25,62,13,32,51,125,160,220,85,46,59,135,116,16
04-21-2023,17,17,48,26,43,9,40,13,11,50,27,45,27,52,31,25,28,26,51,70,25,63,13,25,55,105,160,190,81,45,57,125,87,15
04-22-2023,17,17,48,26,43,9,40,13,11,50,27,45,27,52,31,25,28,26,51,70,25,63,13,25,55,105,160,190,81,45,57,125,87,15
04-23-2023,17,18,42,22,49,9,35,16,12,70,33,49,26,56,34,27,28,26,51,70,27,63,13,25,55,105,160,190,81,45,57,125,87,15
04-24-2023,22,18,42,22,49,9,35,16,12,70,33,49,26,56,34,27,28,26,51,70,27,63,13,25,55,105,160,190,81,45,57,125,87,15
04-25-2023,22,18,42,22,49,9,35,16,12,70,33,49,26,56,34,27,28,26,51,70,27,63,13,25,55,105,160,190,81,45,57,125,87,15
04-26-2023,22,17,47,21,41,7,33,16,9,60,34,50,27,52,29,27,24,28,51,62,27,68,14,29,54,115,150,200,85,43,60,135,74,16
04-27-2023,19,17,47,21,41,7,33,16,9,60,34,50,27,52,29,27,24,28,51,62,27,68,14,29,54,115,150,200,85,43,60,135,74,16
04-28-2023,19,17,47,21,41,7,33,16,9,60,34,50,27,52,29,27,24,28,51,62,27,68,14,29,54,115,150,200,85,43,60,135,74,16
04-29-2023,19,13,47,26,50,6,37,17,7,70,28,48,23,57,30,27,22,27,56,70,27,58,14,30,52,135,170,190,85,50,55,125,86,16
04-30-2023,20,13,47,26,50,6,37,17,7,70,28,48,23,57,30,27,22,27,56,70,27,58,14,30,52,135,170,190,85,50,55,125,86,16
05-01-2023,20,13,47,26,50,6,37,17,7,70,28,48,23,57,30,27,22,27,56,70,27,58,14,30,52,135,170,190,85,50,55,125,86,16
05-02-2023,20,13,47,26,50,6,37,17,7,70,28,48,23,57,30,27,23,26,50,57,27,55,15,29,53,155,160,240,83,43,60,115,75,16
05-03-2023,20,13,47,26,50,6,37,17,7,70,28,48,23,57,30,27,23,26,50,57,27,55,15,29,53,155,160,240,83,43,60,115,75,16
05-04-2023,20,14,48,23,47,5,35,14,12,50,26,49,23,58,35,30,23,26,50,57,30,55,15,29,53,155,160,240,83,43,60,115,75,16
05-05-2023,19,14,48,23,47,5,35,14,12,50,26,49,23,58,35,30,23,26,50,57,30,55,15,29,53,155,160,240,83,43,60,115,75,16
05-06-2023,19,14,48,23,47,5,35,14,12,50,26,49,23,58,35,30,23,26,50,57,30,55,15,29,53,155,160,240,83,43,60,115,75,16
05-07-2023,19,14,48,23,47,5,35,14,12,50,26,49,23,58,35,30,23,28,50,65,30,67,13,28,56,155,180,200,83,43,54,125,90,16
05-08-2023,19,14,42,27,48,7,38,12,8,60,26,43,28,54,35,28,23,28,50,65,28,67,13,28,56,155,180,200,83,43,54,125,90,16
05-09-2023,18,14,42,27,48,7,38,12,8,60,26,43,28,54,35,28,23,28,50,65,28,67,13,28,56,155,180,200,83,43,54,125,90,16
05-10-2023,18,14,42,27,48,7,38,12,8,60,26,43,28,54,35,28,23,28,50,65,28,67,13,28,56,155,180,200,83,43,54,125,90,16
05-11-2023,18,19,44,27,49,7,38,11,7,50,33,50,26,53,33,27,20,28,56,58,27,62,14,25,52,125,150,240,82,43,55,145,70,14
05-12-2023,20,19,44,27,49,7,38,11,7,50,33,50,26,53,33,27,20,28,56,58,27,62,14,25,52,125,150,240,82,43,55,145,70,14
05-13-2023,20,19,44,27,49,7,38,11,7,50,33,50,26,53,33,27,20,28,56,58,27,62,14,25,52,125,150,240,82,43,55,145,70,14
05-14-2023,20,19,44,27,49,7,38,11,7,50,33,50,26,53,33,27,25,25,51,59,27,56,13,29,49,145,150,220,85,49,61,135,86,15
05-15-2023,20,17,39,23,42,6,38,13,10,70,32,43,27,52,34,26,25,25,51,59,26,56,13,29,49,145,150,220,85,49,61,135,86,15
05-16-2023,21,17,39,23,42,6,38,13,10,70,32,43,27,52,34,26,25,25,51,59,26,56,13,29,49,145,150,220,85,49,61,135,86,15
05-17-2023,21,17,39,23,42,6,38,13,10,70,32,43,27,52,34,26,25,25,51,59,26,56,13,29,49,145,150,220,85,49,61,135,86,15
05-18-2023,21,20,46,24,43,7,35,12,9,70,29,50,28,59,32,30,28,28,54,61,30,68,15,30,56,125,170,180,80,44,59,135,74,15
05-19-2023,21,20,46,24,43,7,35,12,9,70,29,50,28,59,32,30,28,28,54,61,30,68,15,30,56,125,170,180,80,44,59,135,74,15
05-20-2023,21,20,46,24,43,7,35,12,9,70,29,50,28,59,32,30,28,28,54,61,30,68,15,30,56,125,170,180,80,44,59,135,74,15
05-21-2023,21,11,45,21,40,8,33,15,7,60,26,42,24,52,28,29,24,24,59,67,29,67,13,28,55,125,170,180,80,49,58,135,78,16
05-22-2023,19,11,45,21,40,8,33,15,7,60,26,42,24,52,28,29,24,24,59,67,29,67,13,28,55,125,170,180,80,49,58,135,78,16
05-23-2023,19,11,45,21,40,8,33,15,7,60,26,42,24,52,28,29,24,24,59,67,29,67,13,28,55,125,170,180,80,49,58,135,78,16
05-24-2023,19,13,42,24,44,5,40,14,8,70,30,43,28,53,28,30,21,25,56,70,30,67,15,29,51,105,170,210,85,45,56,125,64,14
05-25-2023,18,13,42,24,44,5,40,14,8,70,30,43,28,53,28,30,21,25,56,70,30,67,15,29,51,105,170,210,85,45,56,125,64,14
05-26-2023,18,13,42,24,44,5,40,14,8,70,30,43,28,53,28,30,21,25,56,70,30,67,15,29,51,105,170,210,85,45,56,125,64,14
05-27-2023,18,14,43,27,44,10,36,16,9,50,32,46,24,56,35,30,26,24,55,59,30,65,14,31,51,155,180,190,82,43,54,125,61,13
05-28-2023,22,14,43,27,44,10,36,16,9,50,32,46,24,56,35,30,26,24,55,59,30,65,14,31,51,155,180,190,82,43,54,125,61,13
05-29-2023,22,14,43,27,44,10,36,16,9,50,32,46,24,56,35,30,26,24,55,59,30,65,14,31,51,155,180,190,82,43,54,125,61,13
05-30-2023,22,20,40,22,47,10,36,13,7,50,34,44,26,50,22,25,28,28,53,65,25,57,14,25,54,105,170,230,81,49,59,115,63,16
05-31-2023,23,20,40,22,47,10,36,13,7,50,34,44,26,50,22,25,28,28,53,65,25,57,14,25,54,105,170,230,81,49,59,115,63,16
06-01-2023,23,32,42,22,45,5,36,17,10,70,34,47,24,60,24,27,28,28,53,65,27,57,14,25,54,105,170,230,81,49,59,115,63,16
06-02-2023,21,32,42,22,45,5,36,17,10,70,34,47,24,60,24,27,28,28,57,55,27,55,16,32,51,145,160,230,82,45,57,145,55,20
06-03-2023,21,28,48,25,40,5,40,16,10,70,34,48,28,56,29,26,28,28,57,55,26,55,16,32,51,145,160,230,82,45,57,145,55,20
06-04-2023,21,28,48,25,40,5,40,16,10,70,34,48,28,56,29,26,21,28,59,69,26,60,13,27,48,145,170,230,83,49,60,115,63,19
06-05-2023,21,28,42,27,47,9,34,16,11,50,31,48,26,50,30,29,21,28,59,69,29,60,13,27,48,145,170,230,83,49,60,115,63,19
06-06-2023,20,28,42,27,47,9,34,16,11,50,31,48,26,50,30,29,25,24,55,57,29,58,13,29,49,115,180,230,80,45,58,145,59,20
06-07-2023,20,26,39,23,46,10,44,16,9,70,26,76,26,54,29,29,25,24,55,57,29,58,13,29,49,115,180,230,80,45,58,145,59,20
06-08-2023,22,26,39,23,46,10,44,16,9,70,26,76,26,54,29,29,27,25,50,58,29,66,12,32,49,145,170,230,84,47,58,125,64,18
06-09-2023,22,26,39,23,46,10,44,16,9,70,26,76,26,54,29,29,27,25,50,58,29,66,12,32,49,145,170,230,84,47,58,125,64,18
06-10-2023,22,33,39,29,41,8,37,16,11,60,27,83,24,59,22,24,28,26,60,70,24,62,17,26,51,165,150,220,80,43,54,145,55,20
06-11-2023,23,33,39,29,41,8,37,16,11,60,27,83,24,59,22,24,28,26,60,70,24,62,17,26,51,165,150,220,80,43,54,145,55,20
06-12-2023,23,33,39,29,41,8,37,16,11,60,27,83,24,59,22,24,28,26,60,70,24,62,17,26,51,165,150,220,80,43,54,145,55,20
06-13-2023,23,36,47,29,50,9,39,14,11,90,35,91,22,59,23,27,25,26,60,82,27,63,15,28,49,135,180,210,88,47,59,135,55,18
06-14-2023,23,36,47,29,50,9,39,14,11,90,35,91,22,59,23,27,25,26,60,82,27,63,15,28,49,135,180,210,88,47,59,135,55,18
06-15-2023,23,36,47,29,50,9,39,14,11,90,35,91,22,59,23,27,25,26,60,82,27,63,15,28,49,135,180,210,88,47,59,135,55,18
06-16-2023,23,38,48,30,45,11,43,16,10,90,35,86,26,54,26,35,28,26,78,86,35,66,17,34,52,115,150,210,91,48,61,125,63,20
06-17-2023,20,38,48,30,45,11,43,16,10,90,35,86,26,54,26,35,28,26,78,86,35,66,17,34,52,115,150,210,91,48,61,125,63,20
06-18-2023,20,38,48,30,45,11,43,16,10,90,35,86,26,54,26,35,28,26,78,86,35,66,17,34,52,115,150,210,91,48,61,125,63,20
06-19-2023,20,50,48,30,46,9,42,15,8,90,30,95,28,64,26,36,22,26,80,125,36,56,22,30,56,135,180,230,85,48,61,145,55,21
06-20-2023,21,60,48,30,46,9,42,15,8,90,30,95,28,64,26,36,22,26,80,125,36,56,22,30,56,135,180,230,85,48,61,145,55,21
06-21-2023,21,70,54,32,48,10,38,10,11,80,31,69,24,59,23,35,22,26,80,125,35,56,22,30,56,135,180,230,85,48,61,145,55,21
06-22-2023,22,70,45,29,47,10,41,15,11,70,34,70,28,63,26,36,27,27,80,127,36,61,23,29,56,135,150,220,91,51,55,135,62,18
06-23-2023,22,85,45,29,47,10,41,15,11,70,34,70,28,63,26,36,27,27,80,127,36,61,23,29,56,135,150,220,91,51,55,135,62,18
06-24-2023,22,80,45,29,47,10,41,15,11,70,34,70,28,63,26,36,26,25,71,117,36,60,20,34,48,155,170,190,93,50,55,145,56,20
06-25-2023,22,85,45,29,47,10,41,15,11,70,34,70,28,63,26,36,28,24,73,129,36,66,19,27,48,155,170,190,93,50,55,145,56,20
06-26-2023,22,85,57,29,50,11,40,13,8,90,29,68,27,58,26,36,28,24,73,129,36,66,19,27,48,155,170,190,93,50,55,145,56,20
06-27-2023,23,85,57,29,50,11,40,13,8,90,29,68,27,58,26,36,28,24,73,129,36,66,19,27,48,155,170,190,93,50,55,145,56,20
06-28-2023,23,80,57,29,40,10,40,11,7,90,31,69,25,55,26,30,28,24,73,129,30,66,19,27,48,155,170,190,93,50,55,145,56,20
06-29-2023,20,93,57,26,43,10,37,10,10,90,36,72,23,53,28,31,25,27,70,114,31,56,20,33,49,165,160,210,86,47,59,115,62,19
06-30-2023,21,93,57,26,43,10,37,10,10,90,36,72,23,53,28,31,25,27,70,114,31,56,20,33,49,165,160,210,86,47,59,115,62,19
07-01-2023,21,93,57,26,43,10,37,10,10,90,36,72,23,53,28,31,25,24,73,115,31,68,15,26,51,145,170,220,93,53,55,125,59,17
07-02-2023,21,86,57,32,45,9,44,10,10,70,28,64,26,52,29,30,23,28,69,130,30,62,16,28,55,155,180,230,79,55,56,115,57,18
07-03-2023,21,86,57,32,45,9,44,10,10,70,28,64,26,52,29,30,23,28,69,130,30,62,16,28,55,155,180,230,79,55,56,115,57,18
07-04-2023,21,97,53,31,50,9,42,13,12,70,30,64,25,53,26,31,23,28,69,130,31,62,16,28,55,155,180,230,79,55,56,115,57,18
07-05-2023,24,97,53,31,50,9,42,13,12,70,30,64,25,53,26,31,22,26,74,119,31,60,23,30,52,145,180,210,81,54,62,125,64,21
07-06-2023,24,97,53,31,50,9,42,13,12,70,30,64,25,53,26,31,22,26,74,119,31,60,23,30,52,145,180,210,81,54,62,125,64,21
07-07-2023,24,103,50,28,49,8,45,12,12,80,36,66,23,55,28,34,23,25,68,118,34,65,17,27,52,125,150,220,90,52,61,145,64,19
07-08-2023,23,103,50,28,49,8,45,12,12,80,36,66,23,55,28,34,23,25,68,118,34,65,17,27,52,125,150,220,90,52,61,145,64,19
07-09-2023,23,103,50,28,49,8,45,12,12,80,36,66,23,55,28,34,23,25,68,118,34,65,17,27,52,125,150,220,90,52,61,145,64,19
07-10-2023,23,104,52,30,40,10,42,12,10,80,35,69,24,62,26,31,22,26,72,122,31,67,19,34,56,125,150,210,85,55,54,125,61,17
07-11-2023,24,128,51,27,41,8,42,10,9,90,29,71,25,58,25,36,22,26,72,122,36,67,19,34,56,125,150,210,85,55,54,125,61,17
07-12-2023,23,128,51,27,41,8,42,10,9,90,29,71,25,58,25,36,22,26,72,122,36,67,19,34,56,125,150,210,85,55,54,125,61,17
07-13-2023,23,128,51,27,41,8,42,10,9,90,29,71,25,58,25,36,26,28,68,120,36,66,20,34,56,145,180,190,82,49,55,115,58,20
07-14-2023,23,128,58,26,42,11,41,15,11,70,33,66,22,52,25,33,27,25,165,120,33,60,23,29,54,145,180,190,82,49,55,115,58,20
07-15-2023,23,128,58,26,42,11,41,15,11,70,33,66,22,52,25,33,27,25,165,120,33,60,23,29,54,145,180,190,82,49,55,115,58,20
07-16-2023,23,128,58,26,42,11,41,15,11,70,33,66,22,52,25,33,27,25,165,120,33,60,23,29,54,145,180,190,82,49,55,115,58,20
07-17-2023,23,108,59,27,41,12,42,16,7,80,33,67,25,61,25,34,25,25,176,150,34,68,29,31,56,135,150,190,85,48,53,135,63,19
07-18-2023,22,108,59,27,41,12,42,16,7,80,33,67,25,61,25,34,25,25,176,150,34,68,29,31,56,135,150,190,85,48,53,135,63,19
07-19-2023,22,108,59,27,41,12,42,16,7,80,33,67,25,61,25,34,25,25,176,150,34,68,29,31,56,135,150,190,85,48,53,135,63,19
07-20-2023,22,108,59,27,41,12,42,16,7,80,33,67,25,61,25,34,22,27,179,135,34,66,25,32,52,115,170,200,93,46,55,125,65,21
07-21-2023,22,90,87,30,47,12,38,11,12,90,29,67,22,43,35,33,22,27,179,135,33,66,25,32,52,115,170,200,93,46,55,125,65,21
07-22-2023,32,90,87,30,47,12,38,11,12,90,29,67,22,43,35,33,22,27,179,135,33,66,25,32,52,115,170,200,93,46,55,125,65,21
07-23-2023,32,90,87,30,47,12,38,11,12,90,29,67,22,43,35,33,22,27,179,135,33,66,25,32,52,115,170,200,93,46,55,125,65,21
07-24-2023,32,89,84,30,45,9,41,11,8,80,32,69,24,44,33,30,22,27,161,150,30,64,24,27,54,115,180,230,75,36,56,145,65,19
07-25-2023,29,89,84,30,45,9,41,11,8,80,32,69,24,44,33,30,22,27,161,150,30,64,24,27,54,115,180,230,75,36,56,145,65,19
07-26-2023,29,121,91,27,48,8,41,12,8,80,31,63,26,40,33,30,22,27,161,150,30,64,24,27,54,115,180,230,75,36,56,145,65,19
07-27-2023,27,121,91,27,48,8,41,12,8,80,31,63,26,40,33,30,25,28,166,130,30,59,22,31,48,165,180,210,79,41,56,145,55,20
07-28-2023,27,124,83,31,44,11,41,10,7,90,29,59,24,55,32,30,25,28,166,130,30,59,22,31,48,165,180,210,79,41,56,145,55,20
07-29-2023,26,155,92,28,41,9,40,13,11,80,31,64,25,55,32,32,25,27,149,147,32,55,30,32,51,109,150,232,75,35,76,44,60,20
07-30-2023,25,155,92,28,41,9,40,13,11,80,31,64,25,55,32,32,25,27,149,147,32,55,30,32,51,109,150,232,75,35,76,44,60,20
07-31-2023,25,149,98,31,50,10,39,12,7,80,28,62,22,52,32,30,25,27,170,136,30,68,28,25,49,99,152,239,77,39,76,49,54,20
08-01-2023,29,149,98,31,50,10,39,12,7,80,28,62,22,52,32,30,24,24,140,132,30,56,26,26,53,99,152,239,77,39,76,49,54,20
08-02-2023,29,149,98,31,50,10,39,12,7,80,28,62,22,52,32,30,24,24,140,132,30,56,26,26,53,99,152,239,77,39,76,49,54,20
08-03-2023,29,140,91,30,50,9,39,12,9,80,36,67,27,45,36,34,28,25,145,123,34,62,26,26,55,116,156,230,73,36,76,44,47,20
08-04-2023,25,140,91,30,50,9,39,12,9,80,36,67,27,45,36,34,28,25,145,123,34,62,26,26,55,116,156,230,73,36,76,44,47,20
08-05-2023,25,140,91,30,50,9,39,12,9,80,36,67,27,45,36,34,28,25,145,123,34,62,26,26,55,116,156,230,73,36,76,44,47,20
08-06-2023,25,140,91,30,50,9,39,12,9,80,36,67,27,45,36,34,25,28,149,141,34,68,27,26,48,95,157,225,74,36,78,43,52,20
08-07-2023,25,140,91,30,50,9,39,12,9,80,36,67,27,45,36,34,25,28,149,141,34,68,27,26,48,95,157,225,74,36,78,43,52,20
08-08-2023,25,140,91,30,50,9,39,12,9,80,36,67,27,45,36,34,25,28,149,141,34,68,27,26,48,95,157,225,74,36,78,43,52,20
08-09-2023,25,70,89,29,43,8,39,12,10,70,29,62,23,48,30,34,25,28,149,141,34,68,27,26,48,95,157,225,74,36,78,43,52,20
08-10-2023,32,70,89,29,43,8,39,12,10,70,29,62,23,48,30,34,25,28,149,141,34,68,27,26,48,95,157,225,74,36,78,43,52,20
08-11-2023,32,73,99,29,49,11,45,10,8,80,30,68,28,53,30,32,25,28,149,141,32,68,27,26,48,95,157,225,74,36,78,43,52,20
08-12-2023,24,73,99,29,49,11,45,10,8,80,30,68,28,53,30,32,22,25,152,147,32,65,25,29,56,120,155,224,75,40,73,43,48,20
08-13-2023,24,78,97,27,45,11,40,17,11,90,33,60,22,45,30,32,22,25,152,147,32,65,25,29,56,120,155,224,75,40,73,43,48,20
08-14-2023,26,78,97,27,45,11,40,17,11,90,33,60,22,45,30,32,27,25,165,130,32,59,25,25,48,110,145,233,75,35,79,49,57,20
08-15-2023,26,78,97,27,45,11,40,17,11,90,33,60,22,45,30,32,27,25,165,130,32,59,25,25,48,110,145,233,75,35,79,49,57,20
08-16-2023,26,78,97,27,45,11,40,17,11,90,33,60,22,45,30,32,23,26,147,131,32,60,26,24,51,127,160,233,74,43,80,43,49,20
08-17-2023,26,78,97,27,45,11,40,17,11,90,33,60,22,45,30,32,23,26,147,131,32,60,26,24,51,127,160,233,74,43,80,43,49,20
08-18-2023,26,78,97,27,45,11,40,17,11,90,33,60,22,45,30,32,23,26,147,131,32,60,26,24,51,127,160,233,74,43,80,43,49,20
08-19-2023,26,78,97,27,45,11,40,17,11,90,33,60,22,45,30,32,23,26,147,131,32,60,26,24,51,127,160,233,74,43,80,43,49,20
08-20-2023,32,69,93,30,43,9,42,10,11,90,36,58,24,52,32,30,25,24,179,150,30,64,27,24,49,110,160,233,78,44,74,49,56,20
08-21-2023,32,69,93,30,43,9,42,10,10,90,36,58,24,52,32,30,25,24,179,150,30,64,27,24,49,110,160,233,78,44,74,49,56,20
08-22-2023,26,46,88,29,42,11,29,12,10,70,35,36,27,44,35,31,28,28,162,133,31,64,26,19,48,119,157,227,81,35,78,49,59,20
08-23-2023,26,46,88,29,42,11,29,12,10,70,35,36,27,44,35,31,28,28,162,133,31,64,26,19,48,119,157,227,81,35,78,49,59,20
08-24-2023,26,46,88,29,42,11,29,12,12,70,35,36,27,44,35,31,28,28,162,133,31,64,26,19,48,119,157,227,81,35,78,49,59,20
08-25-2023,33,46,89,26,50,10,25,15,12,80,32,39,25,47,33,34,24,25,162,137,34,63,27,22,56,128,146,235,88,42,71,47,54,20
08-26-2023,33,46,89,26,50,10,25,15,12,80,32,39,25,47,33,34,24,25,162,137,34,63,27,22,56,128,146,235,88,42,71,47,54,20
08-27-2023,33,46,89,26,50,10,25,15,12,80,32,39,25,47,33,34,24,25,162,137,34,63,27,22,56,128,146,235,88,42,71,47,54,20
08-28-2023,27,26,82,29,50,12,25,17,12,90,30,40,22,44,32,34,28,28,159,149,34,58,26,21,51,130,146,222,79,39,79,50,54,20
08-29-2023,27,26,82,29,50,12,25,17,8,90,30,40,22,44,32,34,28,28,159,149,34,58,26,21,51,130,146,222,79,39,79,50,54,20
08-30-2023,27,26,82,29,50,12,25,17,8,90,30,40,22,44,32,34,28,28,159,149,34,58,26,21,51,130,146,222,79,39,79,50,54,20
08-31-2023,27,28,82,29,50,12,25,17,7,90,30,40,22,44,32,34,28,28,159,149,34,58,26,21,51,130,146,222,79,39,79,50,54,20
09-01-2023,32,28,89,32,42,10,24,11,7,80,34,37,26,52,36,34,27,26,160,133,34,60,27,19,54,124,157,229,77,44,78,41,51,20
09-02-2023,30,28,89,32,42,10,24,11,7,80,34,37,26,52,36,34,27,26,160,133,34,60,27,19,54,124,157,229,77,44,78,41,51,20
09-03-2023,30,30,89,32,42,10,24,11,7,80,34,37,26,52,36,34,27,26,160,133,34,60,27,19,54,124,157,229,77,44,78,41,51,20
09-04-2023,30,30,98,32,43,11,30,15,12,80,31,40,25,46,33,31,23,24,174,136,31,67,27,19,52,116,148,239,89,44,71,49,54,20
09-05-2023,30,30,98,32,43,11,30,15,12,80,31,40,25,46,33,31,23,24,174,136,31,67,27,19,52,116,148,239,89,44,71,49,54,20
09-06-2023,30,30,98,32,43,11,30,15,12,80,31,40,25,46,33,31,23,24,174,136,31,67,27,19,52,116,148,239,89,44,71,49,54,20
09-07-2023,32,32,70,26,50,11,18,17,11,70,30,39,28,40,33,32,25,27,158,127,32,59,27,19,48,123,148,220,87,39,72,47,50,20
